INSERT INTO Types (Type, Kind)
VALUES	('GOVERNOR_AZUR_LANE_AKASHI',						'KIND_GOVERNOR'				),
		('GOVERNOR_PROMOTION_SHOPKEEPER_KANBAN',			'KIND_GOVERNOR_PROMOTION'	),
		('GOVERNOR_PROMOTION_LOGISTICS_REPAIR',				'KIND_GOVERNOR_PROMOTION'	),
		('GOVERNOR_PROMOTION_EQUIPMENT_SUPPLY',				'KIND_GOVERNOR_PROMOTION'	),
		('GOVERNOR_PROMOTION_SHIPYARD_EXPANSION',			'KIND_GOVERNOR_PROMOTION'	),
		('GOVERNOR_PROMOTION_PROJECT_RESEARCH',				'KIND_GOVERNOR_PROMOTION'	),
		('GOVERNOR_PROMOTION_CRIMSON_AXIS_PACT',			'KIND_GOVERNOR_PROMOTION'	),
		('MODIFIER_AKASHI_ADJUST_BUILDING_PURCHASE_COST',	'KIND_MODIFIER'				);

INSERT INTO TraitModifiers (TraitType, ModifierId)
VALUES	('TRAIT_CIVILIZATION_SAKURA_EMPIRE',	'SAKURA_EMPIRE_SURPRISE_WAR_COMBAT_BUFF'	),
		('TRAIT_CIVILIZATION_SAKURA_EMPIRE',	'SAKURA_EMPIRE_SURPRISE_WAR_COMBAT_DEBUFF'	),
		('TRAIT_LEADER_SASEBO_NO_SHIGURE',		'TRAIT_SASEBO_NO_SHIGURE_GARRISON_LOYALTY'	);

INSERT INTO Building_YieldChanges (BuildingType, YieldType, YieldChange)
VALUES ('BUILDING_KAIGUN_KOSHO', 'YIELD_FOOD', 1);

INSERT OR IGNORE INTO District_Adjacencies (DistrictType, YieldChangeId)
VALUES ('DISTRICT_SAKURA_EMPIRE_JINJA', 'Government_Faith');

--------------------------------------------------------------
INSERT INTO Governors(
	GovernorType,
	Name,
	Title,
	ShortTitle,
	Description,
	IdentityPressure,
	TransitionStrength,
	Image,
	PortraitImage,
	PortraitImageSelected,
	TraitType
) VALUES (
	'GOVERNOR_AZUR_LANE_AKASHI',
	'LOC_GOVERNOR_AZUR_LANE_AKASHI_NAME',
	'LOC_GOVERNOR_AZUR_LANE_AKASHI_TITLE',
	'LOC_GOVERNOR_AZUR_LANE_AKASHI_SHORT_TITLE',
	'LOC_GOVERNOR_AZUR_LANE_AKASHI_DESCRIPTION',
	8, 100,
	'GOVERNOR_AL_AKASHI',
	'GOVERNOR_NORMAL_AL_AKASHI',
	'GOVERNOR_SELECTED_AL_AKASHI',
	'TRAIT_CIVILIZATION_SAKURA_EMPIRE'
);

INSERT INTO GovernorPromotionSets (GovernorType, GovernorPromotion)
VALUES	('GOVERNOR_AZUR_LANE_AKASHI',	'GOVERNOR_PROMOTION_SHOPKEEPER_KANBAN'	),
		('GOVERNOR_AZUR_LANE_AKASHI',	'GOVERNOR_PROMOTION_LOGISTICS_REPAIR'	),
		('GOVERNOR_AZUR_LANE_AKASHI',	'GOVERNOR_PROMOTION_EQUIPMENT_SUPPLY'	),
		('GOVERNOR_AZUR_LANE_AKASHI',	'GOVERNOR_PROMOTION_SHIPYARD_EXPANSION'	),
		('GOVERNOR_AZUR_LANE_AKASHI',	'GOVERNOR_PROMOTION_PROJECT_RESEARCH'	),
		('GOVERNOR_AZUR_LANE_AKASHI',	'GOVERNOR_PROMOTION_CRIMSON_AXIS_PACT'	);

INSERT INTO GovernorPromotions (GovernorPromotionType, Name, Description, Level, Column, BaseAbility)
VALUES (
	'GOVERNOR_PROMOTION_SHOPKEEPER_KANBAN',
	'LOC_GOVERNOR_PROMOTION_SHOPKEEPER_KANBAN_NAME',
	'LOC_GOVERNOR_PROMOTION_SHOPKEEPER_KANBAN_DESCRIPTION',
	0, 1, 1
),(
	'GOVERNOR_PROMOTION_LOGISTICS_REPAIR',
	'LOC_GOVERNOR_PROMOTION_LOGISTICS_REPAIR_NAME',
	'LOC_GOVERNOR_PROMOTION_LOGISTICS_REPAIR_DESCRIPTION',
	1, 2, 0
),(
	'GOVERNOR_PROMOTION_EQUIPMENT_SUPPLY',
	'LOC_GOVERNOR_PROMOTION_EQUIPMENT_SUPPLY_NAME',
	'LOC_GOVERNOR_PROMOTION_EQUIPMENT_SUPPLY_DESCRIPTION',
	1, 0, 0
),(
	'GOVERNOR_PROMOTION_SHIPYARD_EXPANSION',
	'LOC_GOVERNOR_PROMOTION_SHIPYARD_EXPANSION_NAME',
	'LOC_GOVERNOR_PROMOTION_SHIPYARD_EXPANSION_DESCRIPTION',
	2, 1, 0
),(
	'GOVERNOR_PROMOTION_PROJECT_RESEARCH',
	'LOC_GOVERNOR_PROMOTION_PROJECT_RESEARCH_NAME',
	'LOC_GOVERNOR_PROMOTION_PROJECT_RESEARCH_DESCRIPTION',
	3, 0, 0
),(
	'GOVERNOR_PROMOTION_CRIMSON_AXIS_PACT',
	'LOC_GOVERNOR_PROMOTION_CRIMSON_AXIS_PACT_NAME',
	'LOC_GOVERNOR_PROMOTION_CRIMSON_AXIS_PACT_DESCRIPTION',
	3, 2, 0
);

INSERT INTO GovernorPromotionPrereqs (GovernorPromotionType, PrereqGovernorPromotion)
VALUES	('GOVERNOR_PROMOTION_LOGISTICS_REPAIR',		'GOVERNOR_PROMOTION_SHOPKEEPER_KANBAN'	),
		('GOVERNOR_PROMOTION_EQUIPMENT_SUPPLY',		'GOVERNOR_PROMOTION_SHOPKEEPER_KANBAN'	),
		('GOVERNOR_PROMOTION_SHIPYARD_EXPANSION',	'GOVERNOR_PROMOTION_LOGISTICS_REPAIR'	),
		('GOVERNOR_PROMOTION_SHIPYARD_EXPANSION',	'GOVERNOR_PROMOTION_EQUIPMENT_SUPPLY'	),
		('GOVERNOR_PROMOTION_PROJECT_RESEARCH',		'GOVERNOR_PROMOTION_SHIPYARD_EXPANSION'	),
		('GOVERNOR_PROMOTION_CRIMSON_AXIS_PACT',	'GOVERNOR_PROMOTION_SHIPYARD_EXPANSION'	);

INSERT INTO GovernorPromotionModifiers (GovernorPromotionType, ModifierId)
VALUES	('GOVERNOR_PROMOTION_SHOPKEEPER_KANBAN',	'SHOPKEEPER_KANBAN_GRANT_BULIN_MK1'		),
		('GOVERNOR_PROMOTION_LOGISTICS_REPAIR',		'SHOPKEEPER_KANBAN_GRANT_BULIN_MK1'		),
		('GOVERNOR_PROMOTION_LOGISTICS_REPAIR',		'LOGISTICS_REPAIR_NAVY_NEUTRAL_HEAL'	),
		('GOVERNOR_PROMOTION_LOGISTICS_REPAIR',		'LOGISTICS_REPAIR_ALL_NEUTRAL_HEAL'		),
		('GOVERNOR_PROMOTION_EQUIPMENT_SUPPLY',		'SHOPKEEPER_KANBAN_GRANT_BULIN_MK1'		),
		('GOVERNOR_PROMOTION_EQUIPMENT_SUPPLY',		'EQUIPMENT_SUPPLY_GOLD_DISCOUNT'		),
		('GOVERNOR_PROMOTION_SHIPYARD_EXPANSION',	'SHOPKEEPER_KANBAN_GRANT_BULIN_MK1'		),
		('GOVERNOR_PROMOTION_SHIPYARD_EXPANSION',	'SHIPYARD_EXPANSION_BUILDING_DISCOUNT1'	),
		('GOVERNOR_PROMOTION_SHIPYARD_EXPANSION',	'SHIPYARD_EXPANSION_BUILDING_DISCOUNT2'	),
		('GOVERNOR_PROMOTION_SHIPYARD_EXPANSION',	'SHIPYARD_EXPANSION_BUILDING_DISCOUNT3'	),
		('GOVERNOR_PROMOTION_SHIPYARD_EXPANSION',	'SHIPYARD_EXPANSION_HARBOR_GOLD1'		),
		('GOVERNOR_PROMOTION_SHIPYARD_EXPANSION',	'SHIPYARD_EXPANSION_HARBOR_GOLD2'		),
		('GOVERNOR_PROMOTION_SHIPYARD_EXPANSION',	'SHIPYARD_EXPANSION_HARBOR_GOLD3'		),
		('GOVERNOR_PROMOTION_SHIPYARD_EXPANSION',	'SHIPYARD_EXPANSION_HARBOR_OIL1'		),
		('GOVERNOR_PROMOTION_SHIPYARD_EXPANSION',	'SHIPYARD_EXPANSION_HARBOR_OIL2'		),
		('GOVERNOR_PROMOTION_SHIPYARD_EXPANSION',	'SHIPYARD_EXPANSION_HARBOR_OIL3'		),
		('GOVERNOR_PROMOTION_PROJECT_RESEARCH',		'SHOPKEEPER_KANBAN_GRANT_BULIN_MK2'		),
		('GOVERNOR_PROMOTION_CRIMSON_AXIS_PACT',	'SHOPKEEPER_KANBAN_GRANT_BULIN_MK2'		);

--------------------------------------------------------------
INSERT INTO Modifiers (ModifierId, ModifierType)
VALUES	('SAKURA_EMPIRE_SURPRISE_WAR_COMBAT_BUFF',		'MODIFIER_PLAYER_ADD_DIPLOMATIC_COMBAT_MODIFIER'		),
		('SAKURA_EMPIRE_SURPRISE_WAR_COMBAT_DEBUFF',	'MODIFIER_PLAYER_ADD_DIPLOMATIC_COMBAT_MODIFIER'		),
		('EQUIPMENT_SUPPLY_GOLD_DISCOUNT',				'MODIFIER_PLAYER_ADJUST_UNIT_UPGRADE_DISCOUNT_PERCENT'	),
		('SHIPYARD_EXPANSION_BUILDING_DISCOUNT1',		'MODIFIER_AKASHI_ADJUST_BUILDING_PURCHASE_COST'			),
		('SHIPYARD_EXPANSION_BUILDING_DISCOUNT2',		'MODIFIER_AKASHI_ADJUST_BUILDING_PURCHASE_COST'			),
		('SHIPYARD_EXPANSION_BUILDING_DISCOUNT3',		'MODIFIER_AKASHI_ADJUST_BUILDING_PURCHASE_COST'			),
		('SHIPYARD_EXPANSION_HARBOR_GOLD1',				'MODIFIER_BUILDING_YIELD_CHANGE'						),
		('SHIPYARD_EXPANSION_HARBOR_GOLD2',				'MODIFIER_BUILDING_YIELD_CHANGE'						),
		('SHIPYARD_EXPANSION_HARBOR_GOLD3',				'MODIFIER_BUILDING_YIELD_CHANGE'						);

INSERT INTO Modifiers (ModifierId, ModifierType, SubjectRequirementSetId, RunOnce, Permanent)
VALUES (
	'TRAIT_SASEBO_NO_SHIGURE_GARRISON_LOYALTY',
	'MODIFIER_PLAYER_CITIES_ADJUST_IDENTITY_PER_TURN',
	'CITY_HAS_GARRISON_UNIT_REQUIERMENT', 0, 0
),(
	'SHOPKEEPER_KANBAN_GRANT_BULIN_MK1',
	'MODIFIER_SINGLE_CITY_GRANT_UNIT_IN_CITY',
	NULL, 1, 1
),(
	'SHOPKEEPER_KANBAN_GRANT_BULIN_MK2',
	'MODIFIER_SINGLE_CITY_GRANT_UNIT_IN_CITY',
	NULL, 1, 1
),(
	'LOGISTICS_REPAIR_NAVY_NEUTRAL_HEAL',
	'MODIFIER_PLAYER_UNITS_ADJUST_HEAL_PER_TURN',
	'SAKURA_EMPIRE_UNIT_IS_NAVAL', 1, 1
),(
	'LOGISTICS_REPAIR_ALL_NEUTRAL_HEAL',
	'MODIFIER_PLAYER_UNITS_ADJUST_HEAL_PER_TURN',
	NULL, 1, 1
),(
	'SHIPYARD_EXPANSION_HARBOR_OIL1',
	'MODIFIER_SINGLE_CITY_GRANT_RESOURCE_IN_CITY',
	'CITY_HAS_LIGHTHOUSE_REQUIREMENTS', 0, 0
),(
	'SHIPYARD_EXPANSION_HARBOR_OIL2',
	'MODIFIER_SINGLE_CITY_GRANT_RESOURCE_IN_CITY',
	'CITY_HAS_KAIGUN_KOSHO_REQUIREMENTS', 0, 0
),(
	'SHIPYARD_EXPANSION_HARBOR_OIL3',
	'MODIFIER_SINGLE_CITY_GRANT_RESOURCE_IN_CITY',
	'CITY_HAS_SEAPORT_REQUIREMENTS', 0, 0
);

INSERT INTO DynamicModifiers (ModifierType, CollectionType, EffectType)
VALUES ('MODIFIER_AKASHI_ADJUST_BUILDING_PURCHASE_COST', 'COLLECTION_OWNER', 'EFFECT_ADJUST_BUILDING_PURCHASE_COST');

INSERT INTO ModifierArguments (ModifierId, Name, Value)
VALUES	('SAKURA_EMPIRE_SURPRISE_WAR_COMBAT_BUFF',		'DiplomaticYieldSource',	'SURPRISE_WAR_INITIATED'),
		('SAKURA_EMPIRE_SURPRISE_WAR_COMBAT_BUFF',		'TurnsActive',				10						),
		('SAKURA_EMPIRE_SURPRISE_WAR_COMBAT_BUFF',		'Amount',					10						),
		('SAKURA_EMPIRE_SURPRISE_WAR_COMBAT_BUFF',		'ReligiousOnly',			0						),
		('SAKURA_EMPIRE_SURPRISE_WAR_COMBAT_DEBUFF',	'DiplomaticYieldSource',	'SURPRISE_WAR_INITIATED'),
		('SAKURA_EMPIRE_SURPRISE_WAR_COMBAT_DEBUFF',	'TurnsActive',				20						),
		('SAKURA_EMPIRE_SURPRISE_WAR_COMBAT_DEBUFF',	'Amount',					-5						),
		('SAKURA_EMPIRE_SURPRISE_WAR_COMBAT_DEBUFF',	'ReligiousOnly',			0						),
		('TRAIT_SASEBO_NO_SHIGURE_GARRISON_LOYALTY',	'Amount',					4						),
		('SHOPKEEPER_KANBAN_GRANT_BULIN_MK1',			'UnitType',					'UNIT_BULIN_MK1'		),
		('SHOPKEEPER_KANBAN_GRANT_BULIN_MK1',			'Amount',					1						),
		('SHOPKEEPER_KANBAN_GRANT_BULIN_MK2',			'UnitType',					'UNIT_BULIN_MK2'		),
		('SHOPKEEPER_KANBAN_GRANT_BULIN_MK2',			'Amount',					1						),
		('LOGISTICS_REPAIR_NAVY_NEUTRAL_HEAL',			'Amount',					10						),
		('LOGISTICS_REPAIR_NAVY_NEUTRAL_HEAL',			'Type',						'NEUTRAL'				),
		('LOGISTICS_REPAIR_ALL_NEUTRAL_HEAL',			'Amount',					5						),
		('LOGISTICS_REPAIR_ALL_NEUTRAL_HEAL',			'Type',						'NEUTRAL'				),
		('EQUIPMENT_SUPPLY_GOLD_DISCOUNT',				'Amount',					25						),
		('SHIPYARD_EXPANSION_BUILDING_DISCOUNT1',		'BuildingType',				'BUILDING_LIGHTHOUSE'	),
		('SHIPYARD_EXPANSION_BUILDING_DISCOUNT1',		'Amount',					50						),
		('SHIPYARD_EXPANSION_BUILDING_DISCOUNT2',		'BuildingType',				'BUILDING_KAIGUN_KOSHO'	),
		('SHIPYARD_EXPANSION_BUILDING_DISCOUNT2',		'Amount',					50						),
		('SHIPYARD_EXPANSION_BUILDING_DISCOUNT3',		'BuildingType',				'BUILDING_SEAPORT'		),
		('SHIPYARD_EXPANSION_BUILDING_DISCOUNT3',		'Amount',					50						),
		('SHIPYARD_EXPANSION_HARBOR_GOLD1',				'BuildingType',				'BUILDING_LIGHTHOUSE'	),
		('SHIPYARD_EXPANSION_HARBOR_GOLD1',				'YieldType',				'YIELD_GOLD'			),
		('SHIPYARD_EXPANSION_HARBOR_GOLD1',				'Amount',					5						),
		('SHIPYARD_EXPANSION_HARBOR_GOLD2',				'BuildingType',				'BUILDING_KAIGUN_KOSHO'	),
		('SHIPYARD_EXPANSION_HARBOR_GOLD2',				'YieldType',				'YIELD_GOLD'			),
		('SHIPYARD_EXPANSION_HARBOR_GOLD2',				'Amount',					5						),
		('SHIPYARD_EXPANSION_HARBOR_GOLD3',				'BuildingType',				'BUILDING_SEAPORT'		),
		('SHIPYARD_EXPANSION_HARBOR_GOLD3',				'YieldType',				'YIELD_GOLD'			),
		('SHIPYARD_EXPANSION_HARBOR_GOLD3',				'Amount',					5						),
		('SHIPYARD_EXPANSION_HARBOR_OIL1',				'ResourceType',				'RESOURCE_OIL'			),
		('SHIPYARD_EXPANSION_HARBOR_OIL1',				'Amount',					1						),
		('SHIPYARD_EXPANSION_HARBOR_OIL2',				'ResourceType',				'RESOURCE_OIL'			),
		('SHIPYARD_EXPANSION_HARBOR_OIL2',				'Amount',					1						),
		('SHIPYARD_EXPANSION_HARBOR_OIL3',				'ResourceType',				'RESOURCE_OIL'			),
		('SHIPYARD_EXPANSION_HARBOR_OIL3',				'Amount',					1						);

INSERT INTO RequirementSets (RequirementSetId, RequirementSetType)
VALUES ('CITY_HAS_KAIGUN_KOSHO_REQUIREMENTS', 'REQUIREMENTSET_TEST_ALL');

INSERT INTO RequirementSetRequirements (RequirementSetId, RequirementId)
VALUES ('CITY_HAS_KAIGUN_KOSHO_REQUIREMENTS', 'REQUIRES_CITY_HAS_KAIGUN_KOSHO');