UPDATE Traits SET Description = Description || '_RnF'
WHERE TraitType = 'TRAIT_CIVILIZATION_SAKURA_EMPIRE';

UPDATE Traits SET Description = Description || '_RnF'
WHERE TraitType = 'TRAIT_LEADER_SOLOMON_NIGHTMARE';

INSERT INTO TraitModifiers (TraitType, ModifierId)
VALUES	('TRAIT_CIVILIZATION_SAKURA_EMPIRE',	'SAKURA_EMPIRE_SURPRISE_WAR_COMBAT_BUFF'			),
		('TRAIT_CIVILIZATION_SAKURA_EMPIRE',	'SAKURA_EMPIRE_SURPRISE_WAR_COMBAT_DEBUFF'			),
		('TRAIT_LEADER_SOLOMON_NIGHTMARE',		'TRAIT_SOLOMON_NIGHTMARE_PILLAGE_BONUS_DISTRICT'	),
		('TRAIT_LEADER_SOLOMON_NIGHTMARE',		'TRAIT_SOLOMON_NIGHTMARE_PILLAGE_BONUS_IMPROVEMENT'	);

INSERT INTO Building_YieldChanges (BuildingType, YieldType, YieldChange)
VALUES ('BUILDING_KAIGUN_KOSHO', 'YIELD_FOOD', 1);

INSERT INTO AgendaPreferredLeaders (AgendaType, LeaderType, PercentageChance)
VALUES ('AGENDA_GOSSIP', 'LEADER_AZUR_LANE_SHIGURE', 50);

INSERT INTO AiFavoredItems (ListType, Item, Favored)
VALUES	('SakuraEmpireWonders',	'BUILDING_KOTOKU_IN',				1),
		('SakuraEmpireWonders',	'BUILDING_CASA_DE_CONTRATACION',	1);

INSERT INTO MomentIllustrations (MomentIllustrationType, MomentDataType, GameDataType, Texture)
VALUES (
	'MOMENT_ILLUSTRATION_UNIQUE_DISTRICT',
	'MOMENT_DATA_DISTRICT',
	'DISTRICT_SAKURA_EMPIRE_JINJA',
	'MOMENT_AL_SAKURA_JINJA'
),(
	'MOMENT_ILLUSTRATION_UNIQUE_BUILDING',
	'MOMENT_DATA_BUILDING',
	'BUILDING_KAIGUN_KOSHO',
	'MOMENT_AL_KAIGUN_KOSHO'
);

--------------------------------------------------------------
INSERT INTO Modifiers (ModifierId, ModifierType)
VALUES	('SAKURA_EMPIRE_SURPRISE_WAR_COMBAT_BUFF',				'MODIFIER_PLAYER_ADD_DIPLOMATIC_COMBAT_MODIFIER'),
		('SAKURA_EMPIRE_SURPRISE_WAR_COMBAT_DEBUFF',			'MODIFIER_PLAYER_ADD_DIPLOMATIC_COMBAT_MODIFIER'),
		('TRAIT_SOLOMON_NIGHTMARE_PILLAGE_BONUS_DISTRICT',		'MODIFIER_PLAYER_ADJUST_DISTRICT_PILLAGE'		),
		('TRAIT_SOLOMON_NIGHTMARE_PILLAGE_BONUS_IMPROVEMENT',	'MODIFIER_PLAYER_ADJUST_IMPROVEMENT_PILLAGE'	);

INSERT INTO ModifierArguments (ModifierId, Name, Value)
VALUES	('SAKURA_EMPIRE_SURPRISE_WAR_COMBAT_BUFF',		'DiplomaticYieldSource',	'SURPRISE_WAR_INITIATED'),
		('SAKURA_EMPIRE_SURPRISE_WAR_COMBAT_BUFF',		'TurnsActive',				10						),
		('SAKURA_EMPIRE_SURPRISE_WAR_COMBAT_BUFF',		'Amount',					10						),
		('SAKURA_EMPIRE_SURPRISE_WAR_COMBAT_BUFF',		'ReligiousOnly',			0						),
		('SAKURA_EMPIRE_SURPRISE_WAR_COMBAT_DEBUFF',	'DiplomaticYieldSource',	'SURPRISE_WAR_INITIATED'),
		('SAKURA_EMPIRE_SURPRISE_WAR_COMBAT_DEBUFF',	'TurnsActive',				20						),
		('SAKURA_EMPIRE_SURPRISE_WAR_COMBAT_DEBUFF',	'Amount',					-5						),
		('SAKURA_EMPIRE_SURPRISE_WAR_COMBAT_DEBUFF',	'ReligiousOnly',			0						),
		('TRAIT_SOLOMON_NIGHTMARE_PILLAGE_BONUS_DISTRICT',			'Amount',		30						),
		('TRAIT_SOLOMON_NIGHTMARE_PILLAGE_BONUS_IMPROVEMENT',		'Amount',		30						);