INSERT INTO Types (Type, Kind)
VALUES	('LEADER_AZUR_LANE_AYANAMI',					'KIND_LEADER'	),
		('LEADER_AZUR_LANE_YUUDACHI',					'KIND_LEADER'	),
		('LEADER_AZUR_LANE_SHIGURE',					'KIND_LEADER'	),
		('LEADER_AZUR_LANE_YUKIKAZE',					'KIND_LEADER'	);

INSERT INTO Leaders (LeaderType, Name, Sex, InheritFrom, SceneLayers)
VALUES	('LEADER_AZUR_LANE_AYANAMI',	'LOC_LEADER_AZUR_LANE_AYANAMI_NAME',	'Female', 'LEADER_DEFAULT', 4),
		('LEADER_AZUR_LANE_YUUDACHI',	'LOC_LEADER_AZUR_LANE_YUUDACHI_NAME',	'Female', 'LEADER_DEFAULT', 4),
		('LEADER_AZUR_LANE_SHIGURE',	'LOC_LEADER_AZUR_LANE_SHIGURE_NAME',	'Female', 'LEADER_DEFAULT', 4),
		('LEADER_AZUR_LANE_YUKIKAZE',	'LOC_LEADER_AZUR_LANE_YUKIKAZE_NAME',	'Female', 'LEADER_DEFAULT', 4);

INSERT INTO CivilizationLeaders (CivilizationType, LeaderType, CapitalName)
VALUES	('CIVILIZATION_AZUR_LANE_SE',	'LEADER_AZUR_LANE_AYANAMI',		'LOC_CITY_NAME_SAKURA_EMPIRE_1'),
		('CIVILIZATION_AZUR_LANE_SE',	'LEADER_AZUR_LANE_YUUDACHI',	'LOC_CITY_NAME_SAKURA_EMPIRE_1'),
		('CIVILIZATION_AZUR_LANE_SE',	'LEADER_AZUR_LANE_SHIGURE',		'LOC_CITY_NAME_SAKURA_EMPIRE_1'),
		('CIVILIZATION_AZUR_LANE_SE',	'LEADER_AZUR_LANE_YUKIKAZE',	'LOC_CITY_NAME_SAKURA_EMPIRE_1');

INSERT INTO LoadingInfo (LeaderType, ForegroundImage, BackgroundImage, PlayDawnOfManAudio)
VALUES	('LEADER_AZUR_LANE_AYANAMI',	'LOADING_FOREGROUND_AL_AYANAMI',	'LOADING_BACKGROUND_SAKURA_EMPIRE', 1),
		('LEADER_AZUR_LANE_YUUDACHI',	'LOADING_FOREGROUND_AL_YUUDACHI',	'LOADING_BACKGROUND_SAKURA_EMPIRE', 1),
		('LEADER_AZUR_LANE_SHIGURE',	'LOADING_FOREGROUND_AL_SHIGURE',	'LOADING_BACKGROUND_SAKURA_EMPIRE', 1),
		('LEADER_AZUR_LANE_YUKIKAZE',	'LOADING_FOREGROUND_AL_YUKIKAZE',	'LOADING_BACKGROUND_SAKURA_EMPIRE', 1);

INSERT INTO LeaderQuotes (LeaderType, Quote, QuoteAudio)
VALUES	('LEADER_AZUR_LANE_AYANAMI',	'LOC_PEDIA_LEADERS_PAGE_AZUR_LANE_AYANAMI_QUOTE',	'ALSE_YM_WIKI_QUOTE'),
		('LEADER_AZUR_LANE_YUUDACHI',	'LOC_PEDIA_LEADERS_PAGE_AZUR_LANE_YUUDACHI_QUOTE',	'ALSE_YU_WIKI_QUOTE'),
		('LEADER_AZUR_LANE_SHIGURE',	'LOC_PEDIA_LEADERS_PAGE_AZUR_LANE_SHIGURE_QUOTE',	'ALSE_SH_WIKI_QUOTE'),
		('LEADER_AZUR_LANE_YUKIKAZE',	'LOC_PEDIA_LEADERS_PAGE_AZUR_LANE_YUKIKAZE_QUOTE',	'ALSE_YK_WIKI_QUOTE');

--------------------------------------------------------------