INSERT INTO Types (Type, Kind)
VALUES	('GOVERNOR_AZUR_LANE_AKASHI',						'KIND_GOVERNOR'				),
		('GOVERNOR_PROMOTION_SHOPKEEPER_KANBAN',			'KIND_GOVERNOR_PROMOTION'	),
		('GOVERNOR_PROMOTION_LOGISTICS_REPAIR',				'KIND_GOVERNOR_PROMOTION'	),
		('GOVERNOR_PROMOTION_EQUIPMENT_SUPPLY',				'KIND_GOVERNOR_PROMOTION'	),
		('GOVERNOR_PROMOTION_SHIPYARD_EXPANSION',			'KIND_GOVERNOR_PROMOTION'	),
		('GOVERNOR_PROMOTION_PROJECT_RESEARCH',				'KIND_GOVERNOR_PROMOTION'	),
		('GOVERNOR_PROMOTION_WISDOM_QUBE_STUDY',			'KIND_GOVERNOR_PROMOTION'	),
		('MODIFIER_AKASHI_CAPITAL_CITY_ATTACH_MODIFIER',	'KIND_MODIFIER'				),
		('MODIFIER_AKASHI_ADJUST_BUILDING_PURCHASE_COST',	'KIND_MODIFIER'				);

INSERT INTO TraitModifiers (TraitType, ModifierId)
VALUES	('TRAIT_CIVILIZATION_SAKURA_EMPIRE',	'SAKURA_EMPIRE_SURPRISE_WAR_COMBAT_BUFF'	),
		('TRAIT_CIVILIZATION_SAKURA_EMPIRE',	'SAKURA_EMPIRE_SURPRISE_WAR_COMBAT_DEBUFF'	),
		('TRAIT_LEADER_SASEBO_NO_SHIGURE',		'TRAIT_SASEBO_NO_SHIGURE_GARRISON_LOYALTY'	);

INSERT INTO Building_YieldChanges (BuildingType, YieldType, YieldChange)
VALUES ('BUILDING_KAIGUN_KOSHO', 'YIELD_FOOD', 1);

--------------------------------------------------------------
INSERT INTO Governors(
	GovernorType,
	Name,
	Title,
	ShortTitle,
	Description,
	IdentityPressure,
	TransitionStrength,
	Image,
	PortraitImage,
	PortraitImageSelected,
	TraitType
) VALUES (
	'GOVERNOR_AZUR_LANE_AKASHI',
	'LOC_GOVERNOR_AZUR_LANE_AKASHI_NAME',
	'LOC_GOVERNOR_AZUR_LANE_AKASHI_TITLE',
	'LOC_GOVERNOR_AZUR_LANE_AKASHI_SHORT_TITLE',
	'LOC_GOVERNOR_AZUR_LANE_AKASHI_DESCRIPTION',
	8, 100,
	'GOVERNOR_AL_AKASHI',
	'GOVERNOR_NORMAL_AL_AKASHI',
	'GOVERNOR_SELECTED_AL_AKASHI',
	'TRAIT_CIVILIZATION_SAKURA_EMPIRE'
);

INSERT INTO GovernorPromotionSets (GovernorType, GovernorPromotion)
VALUES	('GOVERNOR_AZUR_LANE_AKASHI',	'GOVERNOR_PROMOTION_SHOPKEEPER_KANBAN'	),
		('GOVERNOR_AZUR_LANE_AKASHI',	'GOVERNOR_PROMOTION_LOGISTICS_REPAIR'	),
		('GOVERNOR_AZUR_LANE_AKASHI',	'GOVERNOR_PROMOTION_EQUIPMENT_SUPPLY'	),
		('GOVERNOR_AZUR_LANE_AKASHI',	'GOVERNOR_PROMOTION_SHIPYARD_EXPANSION'	),
		('GOVERNOR_AZUR_LANE_AKASHI',	'GOVERNOR_PROMOTION_PROJECT_RESEARCH'	),
		('GOVERNOR_AZUR_LANE_AKASHI',	'GOVERNOR_PROMOTION_WISDOM_QUBE_STUDY'	);

INSERT INTO GovernorPromotions (GovernorPromotionType, Name, Description, Level, Column, BaseAbility)
VALUES (
	'GOVERNOR_PROMOTION_SHOPKEEPER_KANBAN',
	'LOC_GOVERNOR_PROMOTION_SHOPKEEPER_KANBAN_NAME',
	'LOC_GOVERNOR_PROMOTION_SHOPKEEPER_KANBAN_DESCRIPTION',
	0, 1, 1
),(
	'GOVERNOR_PROMOTION_LOGISTICS_REPAIR',
	'LOC_GOVERNOR_PROMOTION_LOGISTICS_REPAIR_NAME',
	'LOC_GOVERNOR_PROMOTION_LOGISTICS_REPAIR_DESCRIPTION',
	1, 2, 0
),(
	'GOVERNOR_PROMOTION_EQUIPMENT_SUPPLY',
	'LOC_GOVERNOR_PROMOTION_EQUIPMENT_SUPPLY_NAME',
	'LOC_GOVERNOR_PROMOTION_EQUIPMENT_SUPPLY_DESCRIPTION',
	1, 0, 0
),(
	'GOVERNOR_PROMOTION_SHIPYARD_EXPANSION',
	'LOC_GOVERNOR_PROMOTION_SHIPYARD_EXPANSION_NAME',
	'LOC_GOVERNOR_PROMOTION_SHIPYARD_EXPANSION_DESCRIPTION',
	2, 1, 0
),(
	'GOVERNOR_PROMOTION_PROJECT_RESEARCH',
	'LOC_GOVERNOR_PROMOTION_PROJECT_RESEARCH_NAME',
	'LOC_GOVERNOR_PROMOTION_PROJECT_RESEARCH_DESCRIPTION',
	3, 0, 0
),(
	'GOVERNOR_PROMOTION_WISDOM_QUBE_STUDY',
	'LOC_GOVERNOR_PROMOTION_WISDOM_QUBE_STUDY_NAME',
	'LOC_GOVERNOR_PROMOTION_WISDOM_QUBE_STUDY_DESCRIPTION',
	3, 2, 0
);

INSERT INTO GovernorPromotionPrereqs (GovernorPromotionType, PrereqGovernorPromotion)
VALUES	('GOVERNOR_PROMOTION_LOGISTICS_REPAIR',		'GOVERNOR_PROMOTION_SHOPKEEPER_KANBAN'	),
		('GOVERNOR_PROMOTION_EQUIPMENT_SUPPLY',		'GOVERNOR_PROMOTION_SHOPKEEPER_KANBAN'	),
		('GOVERNOR_PROMOTION_SHIPYARD_EXPANSION',	'GOVERNOR_PROMOTION_LOGISTICS_REPAIR'	),
		('GOVERNOR_PROMOTION_SHIPYARD_EXPANSION',	'GOVERNOR_PROMOTION_EQUIPMENT_SUPPLY'	),
		('GOVERNOR_PROMOTION_PROJECT_RESEARCH',		'GOVERNOR_PROMOTION_SHIPYARD_EXPANSION'	),
		('GOVERNOR_PROMOTION_WISDOM_QUBE_STUDY',	'GOVERNOR_PROMOTION_SHIPYARD_EXPANSION'	);

INSERT INTO GovernorPromotionModifiers (GovernorPromotionType, ModifierId)
VALUES	('GOVERNOR_PROMOTION_SHOPKEEPER_KANBAN',	'SHOPKEEPER_KANBAN_GRANT_BULIN_MK1'		),
		('GOVERNOR_PROMOTION_LOGISTICS_REPAIR',		'LOGISTICS_REPAIR_NAVY_NEUTRAL_HEAL'	),
		('GOVERNOR_PROMOTION_LOGISTICS_REPAIR',		'LOGISTICS_REPAIR_ALL_NEUTRAL_HEAL'		),
		('GOVERNOR_PROMOTION_LOGISTICS_REPAIR',		'LOGISTICS_REPAIR_GRANT_BULIN_MK1'		),
		('GOVERNOR_PROMOTION_EQUIPMENT_SUPPLY',		'EQUIPMENT_SUPPLY_GOLD_DISCOUNT'		),
		('GOVERNOR_PROMOTION_EQUIPMENT_SUPPLY',		'EQUIPMENT_SUPPLY_GRANT_BULIN_MK1'		),
		('GOVERNOR_PROMOTION_SHIPYARD_EXPANSION',	'SHIPYARD_EXPANSION_BUILDING_DISCOUNT1'	),
		('GOVERNOR_PROMOTION_SHIPYARD_EXPANSION',	'SHIPYARD_EXPANSION_BUILDING_DISCOUNT2'	),
		('GOVERNOR_PROMOTION_SHIPYARD_EXPANSION',	'SHIPYARD_EXPANSION_BUILDING_DISCOUNT3'	),
		('GOVERNOR_PROMOTION_SHIPYARD_EXPANSION',	'SHIPYARD_EXPANSION_HARBOR_GOLD1'		),
		('GOVERNOR_PROMOTION_SHIPYARD_EXPANSION',	'SHIPYARD_EXPANSION_HARBOR_GOLD2'		),
		('GOVERNOR_PROMOTION_SHIPYARD_EXPANSION',	'SHIPYARD_EXPANSION_HARBOR_GOLD3'		),
		('GOVERNOR_PROMOTION_SHIPYARD_EXPANSION',	'SHIPYARD_EXPANSION_HARBOR_OIL1'		),
		('GOVERNOR_PROMOTION_SHIPYARD_EXPANSION',	'SHIPYARD_EXPANSION_HARBOR_OIL2'		),
		('GOVERNOR_PROMOTION_SHIPYARD_EXPANSION',	'SHIPYARD_EXPANSION_HARBOR_OIL3'		),
		('GOVERNOR_PROMOTION_SHIPYARD_EXPANSION',	'SHIPYARD_EXPANSION_GRANT_BULIN_MK1'	),
		('GOVERNOR_PROMOTION_PROJECT_RESEARCH',		'PROJECT_RESEARCH_SCIENCE_BUFF0'		),
		('GOVERNOR_PROMOTION_PROJECT_RESEARCH',		'PROJECT_RESEARCH_SCIENCE_BUFF1'		),
		('GOVERNOR_PROMOTION_PROJECT_RESEARCH',		'PROJECT_RESEARCH_SCIENCE_BUFF2'		),
		('GOVERNOR_PROMOTION_PROJECT_RESEARCH',		'PROJECT_RESEARCH_SCIENCE_BUFF3'		),
		('GOVERNOR_PROMOTION_PROJECT_RESEARCH',		'PROJECT_RESEARCH_PRODUCTION_BUFF0'		),
		('GOVERNOR_PROMOTION_PROJECT_RESEARCH',		'PROJECT_RESEARCH_PRODUCTION_BUFF1'		),
		('GOVERNOR_PROMOTION_PROJECT_RESEARCH',		'PROJECT_RESEARCH_PRODUCTION_BUFF2'		),
		('GOVERNOR_PROMOTION_PROJECT_RESEARCH',		'PROJECT_RESEARCH_PRODUCTION_BUFF3'		),
		('GOVERNOR_PROMOTION_PROJECT_RESEARCH',		'PROJECT_RESEARCH_GRANT_BULIN_MK2'		),
		('GOVERNOR_PROMOTION_WISDOM_QUBE_STUDY',	'WISDOM_QUBE_STUDY_EXTRA_GROWTH'		),
		('GOVERNOR_PROMOTION_WISDOM_QUBE_STUDY',	'WISDOM_QUBE_STUDY_GRANT_BULIN_MK2'		);

INSERT INTO GovernorPromotionModifiers (GovernorPromotionType, ModifierId)
SELECT 'GOVERNOR_PROMOTION_WISDOM_QUBE_STUDY', 'WISDOM_QUBE_STUDY_EXTRA_PRODUCTION_' || UnitType
FROM Units WHERE Domain = 'DOMAIN_SEA';

INSERT INTO AiFavoredItems (ListType, Item, Favored)
VALUES	('SakuraEmpireWonders',	'BUILDING_KOTOKU_IN',				1),
		('SakuraEmpireWonders',	'BUILDING_CASA_DE_CONTRATACION',	1);

--------------------------------------------------------------
INSERT INTO Modifiers (ModifierId, ModifierType)
VALUES	('SAKURA_EMPIRE_SURPRISE_WAR_COMBAT_BUFF',		'MODIFIER_PLAYER_ADD_DIPLOMATIC_COMBAT_MODIFIER'		),
		('SAKURA_EMPIRE_SURPRISE_WAR_COMBAT_DEBUFF',	'MODIFIER_PLAYER_ADD_DIPLOMATIC_COMBAT_MODIFIER'		),
		('LOGISTICS_REPAIR_ALL_NEUTRAL_HEAL',			'MODIFIER_PLAYER_UNITS_ADJUST_HEAL_PER_TURN'			),
		('EQUIPMENT_SUPPLY_GOLD_DISCOUNT',				'MODIFIER_PLAYER_ADJUST_UNIT_UPGRADE_DISCOUNT_PERCENT'	),
		('SHIPYARD_EXPANSION_BUILDING_DISCOUNT1',		'MODIFIER_AKASHI_ADJUST_BUILDING_PURCHASE_COST'			),
		('SHIPYARD_EXPANSION_BUILDING_DISCOUNT2',		'MODIFIER_AKASHI_ADJUST_BUILDING_PURCHASE_COST'			),
		('SHIPYARD_EXPANSION_BUILDING_DISCOUNT3',		'MODIFIER_AKASHI_ADJUST_BUILDING_PURCHASE_COST'			),
		('SHIPYARD_EXPANSION_HARBOR_GOLD1',				'MODIFIER_BUILDING_YIELD_CHANGE'						),
		('SHIPYARD_EXPANSION_HARBOR_GOLD2',				'MODIFIER_BUILDING_YIELD_CHANGE'						),
		('SHIPYARD_EXPANSION_HARBOR_GOLD3',				'MODIFIER_BUILDING_YIELD_CHANGE'						),
		('WISDOM_QUBE_STUDY_EXTRA_GROWTH',				'MODIFIER_SINGLE_CITY_ADJUST_CITY_GROWTH'				);

INSERT INTO Modifiers (ModifierId, ModifierType, SubjectStackLimit, RunOnce, Permanent)
VALUES	('SHOPKEEPER_KANBAN_GRANT_BULIN_MK1',	'MODIFIER_AKASHI_CAPITAL_CITY_ATTACH_MODIFIER',	1, 0, 1),
		('LOGISTICS_REPAIR_GRANT_BULIN_MK1',	'MODIFIER_AKASHI_CAPITAL_CITY_ATTACH_MODIFIER',	1, 0, 1),
		('EQUIPMENT_SUPPLY_GRANT_BULIN_MK1',	'MODIFIER_AKASHI_CAPITAL_CITY_ATTACH_MODIFIER',	1, 0, 1),
		('SHIPYARD_EXPANSION_GRANT_BULIN_MK1',	'MODIFIER_AKASHI_CAPITAL_CITY_ATTACH_MODIFIER',	1, 0, 1),
		('PROJECT_RESEARCH_GRANT_BULIN_MK2',	'MODIFIER_AKASHI_CAPITAL_CITY_ATTACH_MODIFIER',	1, 0, 1),
		('WISDOM_QUBE_STUDY_GRANT_BULIN_MK2',	'MODIFIER_AKASHI_CAPITAL_CITY_ATTACH_MODIFIER',	1, 0, 1),
		('AKASHI_GRANT_BULIN_MK1',				'MODIFIER_SINGLE_CITY_GRANT_UNIT_IN_CITY',		0, 1, 1),
		('AKASHI_GRANT_BULIN_MK2',				'MODIFIER_SINGLE_CITY_GRANT_UNIT_IN_CITY',		0, 1, 1);

INSERT INTO Modifiers (ModifierId, ModifierType)
SELECT	ModifierId, 'MODIFIER_SINGLE_CITY_ADJUST_UNIT_PRODUCTION'
FROM	GovernorPromotionModifiers
WHERE	ModifierId LIKE 'WISDOM_QUBE_STUDY_EXTRA_PRODUCTION_%';

INSERT INTO Modifiers (ModifierId, ModifierType, SubjectRequirementSetId)
VALUES (
	'TRAIT_SASEBO_NO_SHIGURE_GARRISON_LOYALTY',
	'MODIFIER_PLAYER_CITIES_ADJUST_IDENTITY_PER_TURN',
	'CITY_HAS_GARRISON_UNIT_REQUIERMENT'
),(
	'LOGISTICS_REPAIR_NAVY_NEUTRAL_HEAL',
	'MODIFIER_PLAYER_UNITS_ADJUST_HEAL_PER_TURN',
	'SAKURA_EMPIRE_UNIT_IS_NAVAL'
),(
	'SHIPYARD_EXPANSION_HARBOR_OIL1',
	'MODIFIER_SINGLE_CITY_GRANT_RESOURCE_IN_CITY',
	'CITY_HAS_LIGHTHOUSE_REQUIREMENTS'
),(
	'SHIPYARD_EXPANSION_HARBOR_OIL2',
	'MODIFIER_SINGLE_CITY_GRANT_RESOURCE_IN_CITY',
	'CITY_HAS_KAIGUN_KOSHO_REQUIREMENTS'
),(
	'SHIPYARD_EXPANSION_HARBOR_OIL3',
	'MODIFIER_SINGLE_CITY_GRANT_RESOURCE_IN_CITY',
	'CITY_HAS_SEAPORT_REQUIREMENTS'
),(
	'PROJECT_RESEARCH_SCIENCE_BUFF0',
	'MODIFIER_SINGLE_CITY_ADJUST_CITY_YIELD_MODIFIER',
	'SAKURA_EMPIRE_CITY_HAS_HARBOR_REQUIREMENTS'
),(
	'PROJECT_RESEARCH_SCIENCE_BUFF1',
	'MODIFIER_SINGLE_CITY_ADJUST_CITY_YIELD_MODIFIER',
	'CITY_HAS_LIGHTHOUSE_REQUIREMENTS'
),(
	'PROJECT_RESEARCH_SCIENCE_BUFF2',
	'MODIFIER_SINGLE_CITY_ADJUST_CITY_YIELD_MODIFIER',
	'CITY_HAS_KAIGUN_KOSHO_REQUIREMENTS'
),(
	'PROJECT_RESEARCH_SCIENCE_BUFF3',
	'MODIFIER_SINGLE_CITY_ADJUST_CITY_YIELD_MODIFIER',
	'CITY_HAS_SEAPORT_REQUIREMENTS'
),(
	'PROJECT_RESEARCH_PRODUCTION_BUFF0',
	'MODIFIER_SINGLE_CITY_ADJUST_CITY_YIELD_MODIFIER',
	'SAKURA_EMPIRE_CITY_HAS_HARBOR_REQUIREMENTS'
),(
	'PROJECT_RESEARCH_PRODUCTION_BUFF1',
	'MODIFIER_SINGLE_CITY_ADJUST_CITY_YIELD_MODIFIER',
	'CITY_HAS_LIGHTHOUSE_REQUIREMENTS'
),(
	'PROJECT_RESEARCH_PRODUCTION_BUFF2',
	'MODIFIER_SINGLE_CITY_ADJUST_CITY_YIELD_MODIFIER',
	'CITY_HAS_KAIGUN_KOSHO_REQUIREMENTS'
),(
	'PROJECT_RESEARCH_PRODUCTION_BUFF3',
	'MODIFIER_SINGLE_CITY_ADJUST_CITY_YIELD_MODIFIER',
	'CITY_HAS_SEAPORT_REQUIREMENTS'
);

INSERT INTO DynamicModifiers (ModifierType, CollectionType, EffectType)
VALUES (
	'MODIFIER_AKASHI_CAPITAL_CITY_ATTACH_MODIFIER',
	'COLLECTION_PLAYER_CAPITAL_CITY',
	'EFFECT_ATTACH_MODIFIER'
),(
	'MODIFIER_AKASHI_ADJUST_BUILDING_PURCHASE_COST',
	'COLLECTION_OWNER',
	'EFFECT_ADJUST_BUILDING_PURCHASE_COST'
);

INSERT INTO ModifierArguments (ModifierId, Name, Value)
VALUES	('SAKURA_EMPIRE_SURPRISE_WAR_COMBAT_BUFF',		'DiplomaticYieldSource',	'SURPRISE_WAR_INITIATED'),
		('SAKURA_EMPIRE_SURPRISE_WAR_COMBAT_BUFF',		'TurnsActive',				10						),
		('SAKURA_EMPIRE_SURPRISE_WAR_COMBAT_BUFF',		'Amount',					10						),
		('SAKURA_EMPIRE_SURPRISE_WAR_COMBAT_BUFF',		'ReligiousOnly',			0						),
		('SAKURA_EMPIRE_SURPRISE_WAR_COMBAT_DEBUFF',	'DiplomaticYieldSource',	'SURPRISE_WAR_INITIATED'),
		('SAKURA_EMPIRE_SURPRISE_WAR_COMBAT_DEBUFF',	'TurnsActive',				20						),
		('SAKURA_EMPIRE_SURPRISE_WAR_COMBAT_DEBUFF',	'Amount',					-5						),
		('SAKURA_EMPIRE_SURPRISE_WAR_COMBAT_DEBUFF',	'ReligiousOnly',			0						),
		('TRAIT_SASEBO_NO_SHIGURE_GARRISON_LOYALTY',	'Amount',					4						),
		('SHOPKEEPER_KANBAN_GRANT_BULIN_MK1',			'ModifierId',				'AKASHI_GRANT_BULIN_MK1'),
		('LOGISTICS_REPAIR_GRANT_BULIN_MK1',			'ModifierId',				'AKASHI_GRANT_BULIN_MK1'),
		('EQUIPMENT_SUPPLY_GRANT_BULIN_MK1',			'ModifierId',				'AKASHI_GRANT_BULIN_MK1'),
		('SHIPYARD_EXPANSION_GRANT_BULIN_MK1',			'ModifierId',				'AKASHI_GRANT_BULIN_MK1'),
		('PROJECT_RESEARCH_GRANT_BULIN_MK2',			'ModifierId',				'AKASHI_GRANT_BULIN_MK2'),
		('WISDOM_QUBE_STUDY_GRANT_BULIN_MK2',			'ModifierId',				'AKASHI_GRANT_BULIN_MK2'),
		('AKASHI_GRANT_BULIN_MK1',						'UnitType',					'UNIT_BULIN_MK1'		),
		('AKASHI_GRANT_BULIN_MK1',						'Amount',					1						),
		('AKASHI_GRANT_BULIN_MK1',						'AllowUniqueOverride',		1						),
		('AKASHI_GRANT_BULIN_MK2',						'UnitType',					'UNIT_BULIN_MK2'		),
		('AKASHI_GRANT_BULIN_MK2',						'Amount',					1						),
		('AKASHI_GRANT_BULIN_MK2',						'AllowUniqueOverride',		1						),
		('LOGISTICS_REPAIR_NAVY_NEUTRAL_HEAL',			'Amount',					10						),
		('LOGISTICS_REPAIR_NAVY_NEUTRAL_HEAL',			'Type',						'NEUTRAL'				),
		('LOGISTICS_REPAIR_ALL_NEUTRAL_HEAL',			'Amount',					5						),
		('LOGISTICS_REPAIR_ALL_NEUTRAL_HEAL',			'Type',						'NEUTRAL'				),
		('EQUIPMENT_SUPPLY_GOLD_DISCOUNT',				'Amount',					25						),
		('SHIPYARD_EXPANSION_BUILDING_DISCOUNT1',		'BuildingType',				'BUILDING_LIGHTHOUSE'	),
		('SHIPYARD_EXPANSION_BUILDING_DISCOUNT1',		'Amount',					50						),
		('SHIPYARD_EXPANSION_BUILDING_DISCOUNT2',		'BuildingType',				'BUILDING_KAIGUN_KOSHO'	),
		('SHIPYARD_EXPANSION_BUILDING_DISCOUNT2',		'Amount',					50						),
		('SHIPYARD_EXPANSION_BUILDING_DISCOUNT3',		'BuildingType',				'BUILDING_SEAPORT'		),
		('SHIPYARD_EXPANSION_BUILDING_DISCOUNT3',		'Amount',					50						),
		('SHIPYARD_EXPANSION_HARBOR_GOLD1',				'BuildingType',				'BUILDING_LIGHTHOUSE'	),
		('SHIPYARD_EXPANSION_HARBOR_GOLD1',				'YieldType',				'YIELD_GOLD'			),
		('SHIPYARD_EXPANSION_HARBOR_GOLD1',				'Amount',					5						),
		('SHIPYARD_EXPANSION_HARBOR_GOLD2',				'BuildingType',				'BUILDING_KAIGUN_KOSHO'	),
		('SHIPYARD_EXPANSION_HARBOR_GOLD2',				'YieldType',				'YIELD_GOLD'			),
		('SHIPYARD_EXPANSION_HARBOR_GOLD2',				'Amount',					5						),
		('SHIPYARD_EXPANSION_HARBOR_GOLD3',				'BuildingType',				'BUILDING_SEAPORT'		),
		('SHIPYARD_EXPANSION_HARBOR_GOLD3',				'YieldType',				'YIELD_GOLD'			),
		('SHIPYARD_EXPANSION_HARBOR_GOLD3',				'Amount',					5						),
		('SHIPYARD_EXPANSION_HARBOR_OIL1',				'ResourceType',				'RESOURCE_OIL'			),
		('SHIPYARD_EXPANSION_HARBOR_OIL1',				'Amount',					1						),
		('SHIPYARD_EXPANSION_HARBOR_OIL2',				'ResourceType',				'RESOURCE_OIL'			),
		('SHIPYARD_EXPANSION_HARBOR_OIL2',				'Amount',					1						),
		('SHIPYARD_EXPANSION_HARBOR_OIL3',				'ResourceType',				'RESOURCE_OIL'			),
		('SHIPYARD_EXPANSION_HARBOR_OIL3',				'Amount',					1						),
		('PROJECT_RESEARCH_SCIENCE_BUFF0',				'YieldType',				'YIELD_SCIENCE'			),
		('PROJECT_RESEARCH_SCIENCE_BUFF0',				'Amount',					10						),
		('PROJECT_RESEARCH_SCIENCE_BUFF1',				'YieldType',				'YIELD_SCIENCE'			),
		('PROJECT_RESEARCH_SCIENCE_BUFF1',				'Amount',					10						),
		('PROJECT_RESEARCH_SCIENCE_BUFF2',				'YieldType',				'YIELD_SCIENCE'			),
		('PROJECT_RESEARCH_SCIENCE_BUFF2',				'Amount',					10						),
		('PROJECT_RESEARCH_SCIENCE_BUFF3',				'YieldType',				'YIELD_SCIENCE'			),
		('PROJECT_RESEARCH_SCIENCE_BUFF3',				'Amount',					10						),
		('PROJECT_RESEARCH_PRODUCTION_BUFF0',			'YieldType',				'YIELD_PRODUCTION'		),
		('PROJECT_RESEARCH_PRODUCTION_BUFF0',			'Amount',					5						),
		('PROJECT_RESEARCH_PRODUCTION_BUFF1',			'YieldType',				'YIELD_PRODUCTION'		),
		('PROJECT_RESEARCH_PRODUCTION_BUFF1',			'Amount',					5						),
		('PROJECT_RESEARCH_PRODUCTION_BUFF2',			'YieldType',				'YIELD_PRODUCTION'		),
		('PROJECT_RESEARCH_PRODUCTION_BUFF2',			'Amount',					5						),
		('PROJECT_RESEARCH_PRODUCTION_BUFF3',			'YieldType',				'YIELD_PRODUCTION'		),
		('PROJECT_RESEARCH_PRODUCTION_BUFF3',			'Amount',					5						),
		('WISDOM_QUBE_STUDY_EXTRA_GROWTH',				'Amount',					20						);

INSERT INTO ModifierArguments (ModifierId, Name, Value)
SELECT	ModifierId, 'Amount', 75
FROM	GovernorPromotionModifiers
WHERE	ModifierId LIKE 'WISDOM_QUBE_STUDY_EXTRA_PRODUCTION_%';

INSERT INTO ModifierArguments (ModifierId, Name, Value)
SELECT	ModifierId, 'UnitType', SUBSTR(ModifierId, 36)
FROM	GovernorPromotionModifiers
WHERE	ModifierId LIKE 'WISDOM_QUBE_STUDY_EXTRA_PRODUCTION_%';

INSERT INTO RequirementSets (RequirementSetId, RequirementSetType)
VALUES	('CITY_HAS_KAIGUN_KOSHO_REQUIREMENTS',			'REQUIREMENTSET_TEST_ALL'),
		('SAKURA_EMPIRE_CITY_HAS_HARBOR_REQUIREMENTS',	'REQUIREMENTSET_TEST_ALL');

INSERT INTO RequirementSetRequirements (RequirementSetId, RequirementId)
VALUES	('CITY_HAS_KAIGUN_KOSHO_REQUIREMENTS',			'REQUIRES_CITY_HAS_KAIGUN_KOSHO'),
		('SAKURA_EMPIRE_CITY_HAS_HARBOR_REQUIREMENTS',	'REQUIRES_CITY_HAS_HARBOR'		);