INSERT INTO Types (Type, Kind)
VALUES	('LEADER_AZUR_LANE_AYANAMI',								'KIND_LEADER'	),
		('LEADER_AZUR_LANE_YUUDACHI',								'KIND_LEADER'	),
		('LEADER_AZUR_LANE_SHIGURE',								'KIND_LEADER'	),
		('LEADER_AZUR_LANE_YUKIKAZE',								'KIND_LEADER'	),
		('TRAIT_LEADER_KISHIN',										'KIND_TRAIT'	),
		('TRAIT_LEADER_SOLOMON_NIGHTMARE',							'KIND_TRAIT'	),
		('TRAIT_LEADER_SASEBO_NO_SHIGURE',							'KIND_TRAIT'	),
		('TRAIT_LEADER_KURE_NO_YUKIKAZE',							'KIND_TRAIT'	),
		('TRAIT_AGENDA_WAR_PUPPET',									'KIND_TRAIT'	),
		('TRAIT_AGENDA_SOLOMON_MAD_DOG',							'KIND_TRAIT'	),
		('TRAIT_AGENDA_SHIGURE_SAMA',								'KIND_TRAIT'	),
		('TRAIT_AGENDA_PRIDE_NEKO',									'KIND_TRAIT'	),
		('MODIFIER_SHIGURE_UNITS_ADJUST_SUPPORT_BONUS_MODIFIER',	'KIND_MODIFIER'	);

INSERT INTO Leaders (LeaderType, Name, Sex, InheritFrom, SceneLayers)
VALUES	('LEADER_AZUR_LANE_AYANAMI',	'LOC_LEADER_AZUR_LANE_AYANAMI_NAME',	'Female', 'LEADER_DEFAULT', 4),
		('LEADER_AZUR_LANE_YUUDACHI',	'LOC_LEADER_AZUR_LANE_YUUDACHI_NAME',	'Female', 'LEADER_DEFAULT', 4),
		('LEADER_AZUR_LANE_SHIGURE',	'LOC_LEADER_AZUR_LANE_SHIGURE_NAME',	'Female', 'LEADER_DEFAULT', 4),
		('LEADER_AZUR_LANE_YUKIKAZE',	'LOC_LEADER_AZUR_LANE_YUKIKAZE_NAME',	'Female', 'LEADER_DEFAULT', 4);

INSERT INTO CivilizationLeaders (CivilizationType, LeaderType, CapitalName)
VALUES	('CIVILIZATION_AZUR_LANE_SE',	'LEADER_AZUR_LANE_AYANAMI',		'LOC_CITY_NAME_SAKURA_EMPIRE_1'),
		('CIVILIZATION_AZUR_LANE_SE',	'LEADER_AZUR_LANE_YUUDACHI',	'LOC_CITY_NAME_SAKURA_EMPIRE_1'),
		('CIVILIZATION_AZUR_LANE_SE',	'LEADER_AZUR_LANE_SHIGURE',		'LOC_CITY_NAME_SAKURA_EMPIRE_1'),
		('CIVILIZATION_AZUR_LANE_SE',	'LEADER_AZUR_LANE_YUKIKAZE',	'LOC_CITY_NAME_SAKURA_EMPIRE_1');

INSERT INTO LoadingInfo (LeaderType, ForegroundImage, BackgroundImage, PlayDawnOfManAudio)
VALUES	('LEADER_AZUR_LANE_AYANAMI',	'LOADING_FOREGROUND_AL_AYANAMI',	'LOADING_BACKGROUND_SAKURA_EMPIRE', 1),
		('LEADER_AZUR_LANE_YUUDACHI',	'LOADING_FOREGROUND_AL_YUUDACHI',	'LOADING_BACKGROUND_SAKURA_EMPIRE', 1),
		('LEADER_AZUR_LANE_SHIGURE',	'LOADING_FOREGROUND_AL_SHIGURE',	'LOADING_BACKGROUND_SAKURA_EMPIRE', 1),
		('LEADER_AZUR_LANE_YUKIKAZE',	'LOADING_FOREGROUND_AL_YUKIKAZE',	'LOADING_BACKGROUND_SAKURA_EMPIRE', 1);

INSERT INTO LeaderQuotes (LeaderType, Quote, QuoteAudio)
VALUES	('LEADER_AZUR_LANE_AYANAMI',	'LOC_PEDIA_LEADERS_PAGE_AZUR_LANE_AYANAMI_QUOTE',	'ALSE_AY_WIKI_QUOTE'),
		('LEADER_AZUR_LANE_YUUDACHI',	'LOC_PEDIA_LEADERS_PAGE_AZUR_LANE_YUUDACHI_QUOTE',	'ALSE_YU_WIKI_QUOTE'),
		('LEADER_AZUR_LANE_SHIGURE',	'LOC_PEDIA_LEADERS_PAGE_AZUR_LANE_SHIGURE_QUOTE',	'ALSE_SH_WIKI_QUOTE'),
		('LEADER_AZUR_LANE_YUKIKAZE',	'LOC_PEDIA_LEADERS_PAGE_AZUR_LANE_YUKIKAZE_QUOTE',	'ALSE_YK_WIKI_QUOTE');

--------------------------------------------------------------
INSERT INTO LeaderTraits (LeaderType, TraitType)
VALUES	('LEADER_AZUR_LANE_AYANAMI',	'TRAIT_LEADER_KISHIN'			),
		('LEADER_AZUR_LANE_YUUDACHI',	'TRAIT_LEADER_SOLOMON_NIGHTMARE'),
		('LEADER_AZUR_LANE_SHIGURE',	'TRAIT_LEADER_SASEBO_NO_SHIGURE'),
		('LEADER_AZUR_LANE_YUKIKAZE',	'TRAIT_LEADER_KURE_NO_YUKIKAZE'	);

INSERT INTO Traits (TraitType, Name, Description)
VALUES (
	'TRAIT_LEADER_KISHIN',
	'LOC_TRAIT_LEADER_KISHIN_NAME',
	'LOC_TRAIT_LEADER_KISHIN_DESCRIPTION'
),(
	'TRAIT_LEADER_SOLOMON_NIGHTMARE',
	'LOC_TRAIT_LEADER_SOLOMON_NIGHTMARE_NAME',
	'LOC_TRAIT_LEADER_SOLOMON_NIGHTMARE_DESCRIPTION'
),(
	'TRAIT_LEADER_SASEBO_NO_SHIGURE',
	'LOC_TRAIT_LEADER_SASEBO_NO_SHIGURE_NAME',
	'LOC_TRAIT_LEADER_SASEBO_NO_SHIGURE_DESCRIPTION'
),(
	'TRAIT_LEADER_KURE_NO_YUKIKAZE',
	'LOC_TRAIT_LEADER_KURE_NO_YUKIKAZE_NAME',
	'LOC_TRAIT_LEADER_KURE_NO_YUKIKAZE_DESCRIPTION'
);

INSERT INTO Traits (TraitType)
VALUES	('TRAIT_AGENDA_WAR_PUPPET'),
		('TRAIT_AGENDA_SOLOMON_MAD_DOG'),
		('TRAIT_AGENDA_SHIGURE_SAMA'),
		('TRAIT_AGENDA_PRIDE_NEKO');

INSERT INTO Agendas (AgendaType, Name, Description)
VALUES	('AGENDA_WAR_PUPPET',		'LOC_AGENDA_WAR_PUPPET_NAME',		'LOC_AGENDA_WAR_PUPPET_DESCRIPTION'		),
		('AGENDA_SOLOMON_MAD_DOG',	'LOC_AGENDA_SOLOMON_MAD_DOG_NAME',	'LOC_AGENDA_SOLOMON_MAD_DOG_DESCRIPTION'),
		('AGENDA_SHIGURE_SAMA',		'LOC_AGENDA_SHIGURE_SAMA_NAME',		'LOC_AGENDA_SHIGURE_SAMA_DESCRIPTION'	),
		('AGENDA_PRIDE_NEKO',		'LOC_AGENDA_PRIDE_NEKO_NAME',		'LOC_AGENDA_PRIDE_NEKO_DESCRIPTION'		);
/*
INSERT INTO AgendaPreferredLeaders (AgendaType, LeaderType, PercentageChance)
VALUES

INSERT INTO ExclusiveAgendas (AgendaOne, AgendaTwo)
VALUES*/

INSERT INTO AgendaTraits (AgendaType, TraitType)
VALUES	('AGENDA_WAR_PUPPET',		'TRAIT_AGENDA_WAR_PUPPET'		),
		('AGENDA_SOLOMON_MAD_DOG',	'TRAIT_AGENDA_SOLOMON_MAD_DOG'	),
		('AGENDA_SHIGURE_SAMA',		'TRAIT_AGENDA_SHIGURE_SAMA'		),
		('AGENDA_PRIDE_NEKO',		'TRAIT_AGENDA_PRIDE_NEKO'		);

INSERT INTO HistoricalAgendas (LeaderType, AgendaType)
VALUES	('LEADER_AZUR_LANE_AYANAMI',	'AGENDA_WAR_PUPPET'		),
		('LEADER_AZUR_LANE_YUUDACHI',	'AGENDA_SOLOMON_MAD_DOG'),
		('LEADER_AZUR_LANE_SHIGURE',	'AGENDA_SHIGURE_SAMA'	),
		('LEADER_AZUR_LANE_YUKIKAZE',	'AGENDA_PRIDE_NEKO'		);

INSERT INTO TraitModifiers (TraitType, ModifierId)
VALUES	('TRAIT_LEADER_KISHIN',				'TRAIT_KISHIN_NO_WAR_WEARINESS'						),
		('TRAIT_LEADER_KISHIN',				'TRAIT_KISHIN_UNITS_IGNORE_ZOC'						),
		('TRAIT_LEADER_KISHIN',				'NATIONALIDENTITY_REDUCESTRENGTHREDUCTIONFORDAMAGE'	),
		('TRAIT_LEADER_SOLOMON_NIGHTMARE',	'TRAIT_SOLOMON_NIGHTMARE_FLANKING_BONUS'			),
		('TRAIT_LEADER_SOLOMON_NIGHTMARE',	'TRAIT_SOLOMON_NIGHTMARE_PILLAGE_BONUS_DISTRICT'	),
		('TRAIT_LEADER_SOLOMON_NIGHTMARE',	'TRAIT_SOLOMON_NIGHTMARE_PILLAGE_BONUS_IMPROVEMENT'	),
		('TRAIT_LEADER_SOLOMON_NIGHTMARE',	'TRAIT_SOLOMON_NIGHTMARE_INCREASED_MEAT_FOOD'		),
		('TRAIT_LEADER_SOLOMON_NIGHTMARE',	'TRAIT_SOLOMON_NIGHTMARE_INCREASED_MEAT_PRODUCTION'	),
		('TRAIT_LEADER_SASEBO_NO_SHIGURE',	'TRAIT_SASEBO_NO_SHIGURE_SUPPORT_BONUS'				),
		('TRAIT_LEADER_SASEBO_NO_SHIGURE',	'TRAIT_SASEBO_NO_SHIGURE_EXTRA_GREAT_PEOPLE_1'		),
		('TRAIT_LEADER_SASEBO_NO_SHIGURE',	'TRAIT_SASEBO_NO_SHIGURE_EXTRA_GREAT_PEOPLE_2'		),
		('TRAIT_LEADER_SASEBO_NO_SHIGURE',	'TRAIT_SASEBO_NO_SHIGURE_EXTRA_GREAT_PEOPLE_3'		),
		('TRAIT_LEADER_SASEBO_NO_SHIGURE',	'TRAIT_SASEBO_NO_SHIGURE_EXTRA_GREAT_PEOPLE_4'		),
		('TRAIT_LEADER_SASEBO_NO_SHIGURE',	'TRAIT_SASEBO_NO_SHIGURE_EXTRA_GREAT_PEOPLE_5'		),
		('TRAIT_LEADER_SASEBO_NO_SHIGURE',	'TRAIT_SASEBO_NO_SHIGURE_EXTRA_GREAT_PEOPLE_6'		),
		('TRAIT_LEADER_SASEBO_NO_SHIGURE',	'TRAIT_SASEBO_NO_SHIGURE_EXTRA_GREAT_PEOPLE_7'		),
		('TRAIT_LEADER_KURE_NO_YUKIKAZE',	'TRAIT_KURE_NO_YUKIKAZE_CIVIC_BOOST'				),
		('TRAIT_LEADER_KURE_NO_YUKIKAZE',	'TRAIT_KURE_NO_YUKIKAZE_TECH_BOOST'					),
		('TRAIT_LEADER_KURE_NO_YUKIKAZE',	'CRYPTOGRAPHY_DEFENSE'								),
		('TRAIT_AGENDA_WAR_PUPPET',			'AGENDA_WAR_PUPPET_HAPPY'							),
		('TRAIT_AGENDA_WAR_PUPPET',			'AGENDA_WAR_PUPPET_UNHAPPY'							),
		('TRAIT_AGENDA_SOLOMON_MAD_DOG',	'AGENDA_SOLOMON_MAD_DOG_HAPPY'						),
		('TRAIT_AGENDA_SOLOMON_MAD_DOG',	'AGENDA_SOLOMON_MAD_DOG_UNHAPPY'					),
		('TRAIT_AGENDA_SHIGURE_SAMA',		'AGENDA_SHIGURE_SAMA_HAPPY'							),
		('TRAIT_AGENDA_SHIGURE_SAMA',		'AGENDA_SHIGURE_SAMA_UNHAPPY'						),
		('TRAIT_AGENDA_PRIDE_NEKO',			'AGENDA_PRIDE_NEKO_HAPPY'							),
		('TRAIT_AGENDA_PRIDE_NEKO',			'AGENDA_PRIDE_NEKO_UNHAPPY'							);

--------------------------------------------------------------
INSERT INTO AiListTypes (ListType)
VALUES	('SakuraEmpireCivics'), ('SakuraEmpireTechs'), ('SakuraEmpireWonders');

INSERT INTO AiLists (LeaderType, ListType, System)
VALUES	('TRAIT_LEADER_KISHIN',				'SakuraEmpireCivics',	'Civics'		),
		('TRAIT_LEADER_KISHIN',				'SakuraEmpireTechs',	'Technologies'	),
		('TRAIT_LEADER_KISHIN',				'SakuraEmpireWonders',	'Buildings'		),
		('TRAIT_LEADER_SOLOMON_NIGHTMARE',	'SakuraEmpireCivics',	'Civics'		),
		('TRAIT_LEADER_SOLOMON_NIGHTMARE',	'SakuraEmpireTechs',	'Technologies'	),
		('TRAIT_LEADER_SOLOMON_NIGHTMARE',	'SakuraEmpireWonders',	'Buildings'		),
		('TRAIT_LEADER_SASEBO_NO_SHIGURE',	'SakuraEmpireCivics',	'Civics'		),
		('TRAIT_LEADER_SASEBO_NO_SHIGURE',	'SakuraEmpireTechs',	'Technologies'	),
		('TRAIT_LEADER_SASEBO_NO_SHIGURE',	'SakuraEmpireWonders',	'Buildings'		),
		('TRAIT_LEADER_KURE_NO_YUKIKAZE',	'SakuraEmpireCivics',	'Civics'		),
		('TRAIT_LEADER_KURE_NO_YUKIKAZE',	'SakuraEmpireTechs',	'Technologies'	),
		('TRAIT_LEADER_KURE_NO_YUKIKAZE',	'SakuraEmpireWonders',	'Buildings'		);

INSERT INTO AiFavoredItems (ListType, Item, Favored)
VALUES	('SakuraEmpireCivics',	'CIVIC_THEOLOGY',				1),
		('SakuraEmpireCivics',	'CIVIC_SCORCHED_EARTH',			1),
		('SakuraEmpireCivics',	'CIVIC_NAVAL_TRADITION',		1),
		('SakuraEmpireCivics',	'CIVIC_COLONIALISM',			1),
		('SakuraEmpireCivics',	'CIVIC_MOBILIZATION',			1),
		('SakuraEmpireTechs',	'TECH_SAILING',					1),
		('SakuraEmpireTechs',	'TECH_SHIPBUILDING',			1),
		('SakuraEmpireTechs',	'TECH_CARTOGRAPHY',				1),
		('SakuraEmpireTechs',	'TECH_MASS_PRODUCTION',			1),
		('SakuraEmpireTechs',	'TECH_COMBINED_ARMS',			1),
		('SakuraEmpireTechs',	'TECH_ELECTRICITY',				1),
		('SakuraEmpireWonders',	'BUILDING_GREAT_LIGHTHOUSE',	1),
		('SakuraEmpireWonders',	'BUILDING_VENETIAN_ARSENAL',	1);

--------------------------------------------------------------
INSERT INTO Modifiers (ModifierId, ModifierType)
VALUES	('TRAIT_KISHIN_NO_WAR_WEARINESS',						'MODIFIER_PLAYER_ADJUST_WAR_WEARINESS'					),
		('TRAIT_SOLOMON_NIGHTMARE_FLANKING_BONUS',				'MODIFIER_PLAYER_UNITS_ADJUST_FLANKING_BONUS_MODIFIER'	),
		('TRAIT_SOLOMON_NIGHTMARE_PILLAGE_BONUS_DISTRICT',		'MODIFIER_PLAYER_ADJUST_DISTRICT_PILLAGE'				),
		('TRAIT_SOLOMON_NIGHTMARE_PILLAGE_BONUS_IMPROVEMENT',	'MODIFIER_PLAYER_ADJUST_IMPROVEMENT_PILLAGE'			),
		('TRAIT_SASEBO_NO_SHIGURE_SUPPORT_BONUS',				'MODIFIER_SHIGURE_UNITS_ADJUST_SUPPORT_BONUS_MODIFIER'	),
		('TRAIT_KURE_NO_YUKIKAZE_CIVIC_BOOST',					'MODIFIER_PLAYER_ADJUST_CIVIC_BOOST'					),
		('TRAIT_KURE_NO_YUKIKAZE_TECH_BOOST',					'MODIFIER_PLAYER_ADJUST_TECHNOLOGY_BOOST'				);

INSERT INTO Modifiers (ModifierId, ModifierType, SubjectRequirementSetId)
VALUES (
	'TRAIT_KISHIN_UNITS_IGNORE_ZOC',
	'MODIFIER_PLAYER_UNITS_ATTACH_MODIFIER',
	'SAKURA_EMPIRE_UNIT_IS_COMBAT_REQUIREMENTS'
),(
	'TRAIT_SOLOMON_NIGHTMARE_INCREASED_MEAT_FOOD',
	'MODIFIER_PLAYER_ADJUST_PLOT_YIELD',
	'PLOT_HAS_IMPROVED_MEAT_REQUIREMENTS'
),(
	'TRAIT_SOLOMON_NIGHTMARE_INCREASED_MEAT_PRODUCTION',
	'MODIFIER_PLAYER_ADJUST_PLOT_YIELD',
	'PLOT_HAS_IMPROVED_MEAT_REQUIREMENTS'
),(
	'TRAIT_SASEBO_NO_SHIGURE_EXTRA_GREAT_PEOPLE_1',
	'MODIFIER_PLAYER_DISTRICTS_ADJUST_GREAT_PERSON_POINTS',
	'DISTRICT_IS_CAMPUS'
),(
	'TRAIT_SASEBO_NO_SHIGURE_EXTRA_GREAT_PEOPLE_2',
	'MODIFIER_PLAYER_DISTRICTS_ADJUST_GREAT_PERSON_POINTS',
	'DISTRICT_IS_HOLY_SITE'
),(
	'TRAIT_SASEBO_NO_SHIGURE_EXTRA_GREAT_PEOPLE_3',
	'MODIFIER_PLAYER_DISTRICTS_ADJUST_GREAT_PERSON_POINTS',
	'DISTRICT_IS_COMMERCIAL_HUB'
),(
	'TRAIT_SASEBO_NO_SHIGURE_EXTRA_GREAT_PEOPLE_4',
	'MODIFIER_PLAYER_DISTRICTS_ADJUST_GREAT_PERSON_POINTS',
	'DISTRICT_IS_HARBOR'
),(
	'TRAIT_SASEBO_NO_SHIGURE_EXTRA_GREAT_PEOPLE_5',
	'MODIFIER_PLAYER_DISTRICTS_ADJUST_GREAT_PERSON_POINTS',
	'DISTRICT_IS_THEATER'
),(
	'TRAIT_SASEBO_NO_SHIGURE_EXTRA_GREAT_PEOPLE_6',
	'MODIFIER_PLAYER_DISTRICTS_ADJUST_GREAT_PERSON_POINTS',
	'DISTRICT_IS_ENCAMPMENT'
),(
	'TRAIT_SASEBO_NO_SHIGURE_EXTRA_GREAT_PEOPLE_7',
	'MODIFIER_PLAYER_DISTRICTS_ADJUST_GREAT_PERSON_POINTS',
	'DISTRICT_IS_INDUSTRIAL_ZONE'
),(
	'AGENDA_WAR_PUPPET_HAPPY',
	'MODIFIER_PLAYER_DIPLOMACY_SIMPLE_MODIFIER',
	'PLAYER_HIGH_AMENITY_AT_PEACE'
),(
	'AGENDA_WAR_PUPPET_UNHAPPY',
	'MODIFIER_PLAYER_DIPLOMACY_SIMPLE_MODIFIER',
	'PLAYER_LOW_AMENITY_AT_WAR'
),(
	'AGENDA_SOLOMON_MAD_DOG_HAPPY',
	'MODIFIER_PLAYER_DIPLOMACY_SIMPLE_MODIFIER',
	'PLAYER_AT_WAR_YUUDACHI'
),(
	'AGENDA_SOLOMON_MAD_DOG_UNHAPPY',
	'MODIFIER_PLAYER_DIPLOMACY_SIMPLE_MODIFIER',
	'PLAYER_AT_PEACE_YUUDACHI'
),(
	'AGENDA_SHIGURE_SAMA_HAPPY',
	'MODIFIER_PLAYER_DIPLOMACY_SIMPLE_MODIFIER',
	'PLAYER_SAME_CONTENENT_FRIENDLY'
),(
	'AGENDA_SHIGURE_SAMA_UNHAPPY',
	'MODIFIER_PLAYER_DIPLOMACY_SIMPLE_MODIFIER',
	'PLAYER_DIFFERENT_CONTINENT_UNFRIENDLY'
),(
	'AGENDA_PRIDE_NEKO_HAPPY',
	'MODIFIER_PLAYER_DIPLOMACY_SIMPLE_MODIFIER',
	'PLAYER_LAGS_PROGRESS'
),(
	'AGENDA_PRIDE_NEKO_UNHAPPY',
	'MODIFIER_PLAYER_DIPLOMACY_SIMPLE_MODIFIER',
	'PLAYER_LEADS_PROGRESS'
);

INSERT INTO DynamicModifiers (ModifierType, CollectionType, EffectType)
VALUES (
	'MODIFIER_SHIGURE_UNITS_ADJUST_SUPPORT_BONUS_MODIFIER',
	'COLLECTION_PLAYER_UNITS',
	'EFFECT_ADJUST_UNIT_SUPPORT_BONUS_MODIFIER'
);

INSERT INTO ModifierArguments (ModifierId, Name, Value)
VALUES	('TRAIT_KISHIN_NO_WAR_WEARINESS',						'Amount',				-100							),
		('TRAIT_KISHIN_NO_WAR_WEARINESS',						'Overall',				1								),
		('TRAIT_KISHIN_UNITS_IGNORE_ZOC',						'ModifierId',			'IGNOREZOC_IGNORE_ZOC'			),
		('TRAIT_SOLOMON_NIGHTMARE_FLANKING_BONUS',				'Percent',				100								),
		('TRAIT_SOLOMON_NIGHTMARE_PILLAGE_BONUS_DISTRICT',		'Amount',				30								),
		('TRAIT_SOLOMON_NIGHTMARE_PILLAGE_BONUS_IMPROVEMENT',	'Amount',				30								),
		('TRAIT_SOLOMON_NIGHTMARE_INCREASED_MEAT_FOOD',			'YieldType',			'YIELD_FOOD'					),
		('TRAIT_SOLOMON_NIGHTMARE_INCREASED_MEAT_FOOD',			'Amount',				1								),
		('TRAIT_SOLOMON_NIGHTMARE_INCREASED_MEAT_PRODUCTION',	'YieldType',			'YIELD_PRODUCTION'				),
		('TRAIT_SOLOMON_NIGHTMARE_INCREASED_MEAT_PRODUCTION',	'Amount',				1								),
		('TRAIT_SASEBO_NO_SHIGURE_SUPPORT_BONUS',				'Percent',				100								),
		('TRAIT_SASEBO_NO_SHIGURE_EXTRA_GREAT_PEOPLE_1',		'GreatPersonClassType',	'GREAT_PERSON_CLASS_SCIENTIST'	),
		('TRAIT_SASEBO_NO_SHIGURE_EXTRA_GREAT_PEOPLE_1',		'Amount',				1								),
		('TRAIT_SASEBO_NO_SHIGURE_EXTRA_GREAT_PEOPLE_2',		'GreatPersonClassType',	'GREAT_PERSON_CLASS_PROPHET'	),
		('TRAIT_SASEBO_NO_SHIGURE_EXTRA_GREAT_PEOPLE_2',		'Amount',				1								),
		('TRAIT_SASEBO_NO_SHIGURE_EXTRA_GREAT_PEOPLE_3',		'GreatPersonClassType',	'GREAT_PERSON_CLASS_MERCHANT'	),
		('TRAIT_SASEBO_NO_SHIGURE_EXTRA_GREAT_PEOPLE_3',		'Amount',				1								),
		('TRAIT_SASEBO_NO_SHIGURE_EXTRA_GREAT_PEOPLE_4',		'GreatPersonClassType',	'GREAT_PERSON_CLASS_ADMIRAL'	),
		('TRAIT_SASEBO_NO_SHIGURE_EXTRA_GREAT_PEOPLE_4',		'Amount',				1								),
		('TRAIT_SASEBO_NO_SHIGURE_EXTRA_GREAT_PEOPLE_5',		'GreatPersonClassType',	'GREAT_PERSON_CLASS_WRITER'		),
		('TRAIT_SASEBO_NO_SHIGURE_EXTRA_GREAT_PEOPLE_5',		'Amount',				1								),
		('TRAIT_SASEBO_NO_SHIGURE_EXTRA_GREAT_PEOPLE_6',		'GreatPersonClassType',	'GREAT_PERSON_CLASS_GENERAL'	),
		('TRAIT_SASEBO_NO_SHIGURE_EXTRA_GREAT_PEOPLE_6',		'Amount',				1								),
		('TRAIT_SASEBO_NO_SHIGURE_EXTRA_GREAT_PEOPLE_7',		'GreatPersonClassType',	'GREAT_PERSON_CLASS_ENGINEER'	),
		('TRAIT_SASEBO_NO_SHIGURE_EXTRA_GREAT_PEOPLE_7',		'Amount',				1								),
		('TRAIT_KURE_NO_YUKIKAZE_CIVIC_BOOST',					'Amount',				15								),
		('TRAIT_KURE_NO_YUKIKAZE_TECH_BOOST',					'Amount',				15								),
		('AGENDA_WAR_PUPPET_HAPPY',								'InitialValue',			7								),
		('AGENDA_WAR_PUPPET_UNHAPPY',							'InitialValue',			-7								),
		('AGENDA_SOLOMON_MAD_DOG_HAPPY',						'InitialValue',			12								),
		('AGENDA_SOLOMON_MAD_DOG_HAPPY',						'MaxValue',				24								),
		('AGENDA_SOLOMON_MAD_DOG_HAPPY',						'IncrementValue',		1								),
		('AGENDA_SOLOMON_MAD_DOG_HAPPY',						'IncrementTurns',		5								),
		('AGENDA_SOLOMON_MAD_DOG_HAPPY',						'ReductionValue',		-1								),
		('AGENDA_SOLOMON_MAD_DOG_HAPPY',						'ReductionTurns',		1								),
		('AGENDA_SOLOMON_MAD_DOG_UNHAPPY',						'InitialValue',			-1								),
		('AGENDA_SOLOMON_MAD_DOG_UNHAPPY',						'MaxValue',				-12								),
		('AGENDA_SOLOMON_MAD_DOG_UNHAPPY',						'IncrementValue',		-1								),
		('AGENDA_SOLOMON_MAD_DOG_UNHAPPY',						'IncrementTurns',		10								),
		('AGENDA_SHIGURE_SAMA_HAPPY',							'InitialValue',			12								),
		('AGENDA_SHIGURE_SAMA_UNHAPPY',							'InitialValue',			-7								),
		('AGENDA_SHIGURE_SAMA_UNHAPPY',							'MaxValue',				-12								),
		('AGENDA_SHIGURE_SAMA_UNHAPPY',							'IncrementValue',		-1								),
		('AGENDA_SHIGURE_SAMA_UNHAPPY',							'IncrementTurns',		10								),
		('AGENDA_PRIDE_NEKO_HAPPY',								'InitialValue',			12								),
		('AGENDA_PRIDE_NEKO_UNHAPPY',							'InitialValue',			-12								),
		('AGENDA_WAR_PUPPET_HAPPY',			'StatementKey',		'LOC_DIPLO_KUDO_LEADER_AZUR_LANE_AYANAMI_REASON_ANY'	),
		('AGENDA_WAR_PUPPET_UNHAPPY',		'StatementKey',		'LOC_DIPLO_WARNING_LEADER_AZUR_LANE_AYANAMI_REASON_ANY'	),
		('AGENDA_SOLOMON_MAD_DOG_HAPPY',	'StatementKey',		'LOC_DIPLO_KUDO_LEADER_AZUR_LANE_YUUDACHI_REASON_ANY'	),
		('AGENDA_SOLOMON_MAD_DOG_UNHAPPY',	'StatementKey',		'LOC_DIPLO_WARNING_LEADER_AZUR_LANE_YUUDACHI_REASON_ANY'),
		('AGENDA_SHIGURE_SAMA_HAPPY',		'StatementKey',		'LOC_DIPLO_KUDO_LEADER_AZUR_LANE_SHIGURE_REASON_ANY'	),
		('AGENDA_SHIGURE_SAMA_UNHAPPY',		'StatementKey',		'LOC_DIPLO_WARNING_LEADER_AZUR_LANE_SHIGURE_REASON_ANY'	),
		('AGENDA_PRIDE_NEKO_HAPPY',			'StatementKey',		'LOC_DIPLO_KUDO_LEADER_AZUR_LANE_YUUDACHI_REASON_ANY'	),
		('AGENDA_PRIDE_NEKO_UNHAPPY',		'StatementKey',		'LOC_DIPLO_WARNING_LEADER_AZUR_LANE_YUUDACHI_REASON_ANY'),
		('AGENDA_WAR_PUPPET_HAPPY',			'SimpleModifierDescription',	'LOC_DIPLO_MODIFIER_WAR_PUPPET_HAPPY'		),
		('AGENDA_WAR_PUPPET_UNHAPPY',		'SimpleModifierDescription',	'LOC_DIPLO_MODIFIER_WAR_PUPPET_UNHAPPY'		),
		('AGENDA_SOLOMON_MAD_DOG_HAPPY',	'SimpleModifierDescription',	'LOC_DIPLO_MODIFIER_SOLOMON_MAD_DOG_HAPPY'	),
		('AGENDA_SOLOMON_MAD_DOG_UNHAPPY',	'SimpleModifierDescription',	'LOC_DIPLO_MODIFIER_SOLOMON_MAD_DOG_UNHAPPY'),
		('AGENDA_SHIGURE_SAMA_HAPPY',		'SimpleModifierDescription',	'LOC_DIPLO_MODIFIER_SHIGURE_SAMA_HAPPY'		),
		('AGENDA_SHIGURE_SAMA_UNHAPPY',		'SimpleModifierDescription',	'LOC_DIPLO_MODIFIER_SHIGURE_SAMA_UNHAPPY'	),
		('AGENDA_PRIDE_NEKO_HAPPY',			'SimpleModifierDescription',	'LOC_DIPLO_MODIFIER_PRIDE_NEKO_HAPPY'		),
		('AGENDA_PRIDE_NEKO_UNHAPPY',		'SimpleModifierDescription',	'LOC_DIPLO_MODIFIER_PRIDE_NEKO_UNHAPPY'		);

INSERT INTO RequirementSets (RequirementSetId, RequirementSetType)
VALUES	('SAKURA_EMPIRE_UNIT_IS_COMBAT_REQUIREMENTS',	'REQUIREMENTSET_TEST_ANY'),
		('PLOT_HAS_IMPROVED_MEAT_REQUIREMENTS',			'REQUIREMENTSET_TEST_ANY'),
		('PLAYER_HIGH_AMENITY_AT_PEACE',				'REQUIREMENTSET_TEST_ALL'),
		('PLAYER_LOW_AMENITY_AT_WAR',					'REQUIREMENTSET_TEST_ALL'),
		('PLAYER_AT_WAR_YUUDACHI',						'REQUIREMENTSET_TEST_ALL'),
		('PLAYER_AT_PEACE_YUUDACHI',					'REQUIREMENTSET_TEST_ALL'),
		('PLAYER_SAME_CONTENENT_FRIENDLY',				'REQUIREMENTSET_TEST_ANY'),
		('PLAYER_DIFFERENT_CONTINENT_UNFRIENDLY',		'REQUIREMENTSET_TEST_ANY'),
		('FRIENDLY_TO_SHIGURE_SAME_CONTINENT',			'REQUIREMENTSET_TEST_ALL'),
		('FRIENDLY_TO_SHIGURE_DIFF_CONTINENT',			'REQUIREMENTSET_TEST_ALL'),
		('UNFRIENDLY_TO_SHIGURE_SAME_CONTINENT',		'REQUIREMENTSET_TEST_ALL'),
		('UNFRIENDLY_TO_SHIGURE_DIFF_CONTINENT',		'REQUIREMENTSET_TEST_ALL'),
		('SENT_DELEGATION_OR_AEMBASSY_SHIGURE',			'REQUIREMENTSET_TEST_ANY');

INSERT INTO RequirementSetRequirements (RequirementSetId, RequirementId)
VALUES	('PLOT_HAS_IMPROVED_MEAT_REQUIREMENTS',			'REQUIRES_PLOT_HAS_PASTURE'						),
		('PLOT_HAS_IMPROVED_MEAT_REQUIREMENTS',			'REQUIRES_PLOT_HAS_CAMP'						),
		('PLOT_HAS_IMPROVED_MEAT_REQUIREMENTS',			'REQUIRES_PLOT_HAS_FISHINGBOATS'				),
		('PLAYER_HIGH_AMENITY_AT_PEACE',				'REQUIRES_MAJOR_CIV_OPPONENT'					),
		('PLAYER_HIGH_AMENITY_AT_PEACE',				'REQUIRES_MET_30_TURNS_AGO'						),
		('PLAYER_HIGH_AMENITY_AT_PEACE',				'REQUIRES_HAS_HIGH_HAPPINESS'					),
		('PLAYER_HIGH_AMENITY_AT_PEACE',				'REQUIRES_NOT_WARMONGER_SUBJECT'				),
		('PLAYER_LOW_AMENITY_AT_WAR',					'REQUIRES_MAJOR_CIV_OPPONENT'					),
		('PLAYER_LOW_AMENITY_AT_WAR',					'REQUIRES_MET_30_TURNS_AGO'						),
		('PLAYER_LOW_AMENITY_AT_WAR',					'REQUIRES_HAS_LOW_HAPPINESS'					),
		('PLAYER_LOW_AMENITY_AT_WAR',					'REQUIRES_WARMONGER_TRIGGER'					),
		('PLAYER_AT_WAR_YUUDACHI',						'REQUIRES_MAJOR_CIV_OPPONENT'					),
		('PLAYER_AT_WAR_YUUDACHI',						'REQUIRES_MET_10_TURNS_AGO'						),
		('PLAYER_AT_WAR_YUUDACHI',						'REQUIRES_WARMONGER_TRIGGER'					),
		('PLAYER_AT_PEACE_YUUDACHI',					'REQUIRES_MAJOR_CIV_OPPONENT'					),
		('PLAYER_AT_PEACE_YUUDACHI',					'REQUIRES_MET_10_TURNS_AGO'						),
		('PLAYER_AT_PEACE_YUUDACHI',					'REQUIRES_NOT_WARMONGER_SUBJECT'				),
		('PLAYER_SAME_CONTENENT_FRIENDLY',				'REQUIRES_FRIENDLY_TO_SHIGURE_SAME_CONTINENT'	),
		('PLAYER_SAME_CONTENENT_FRIENDLY',				'REQUIRES_FRIENDLY_TO_SHIGURE_DIFF_CONTINENT'	),
		('PLAYER_DIFFERENT_CONTINENT_UNFRIENDLY',		'REQUIRES_UNFRIENDLY_TO_SHIGURE_SAME_CONTINENT'	),
		('PLAYER_DIFFERENT_CONTINENT_UNFRIENDLY',		'REQUIRES_UNFRIENDLY_TO_SHIGURE_DIFF_CONTINENT'	),
		('FRIENDLY_TO_SHIGURE_SAME_CONTINENT',			'REQUIRES_MAJOR_CIV_OPPONENT'					),
		('FRIENDLY_TO_SHIGURE_SAME_CONTINENT',			'REQUIRES_MET_10_TURNS_AGO'						),
		('FRIENDLY_TO_SHIGURE_SAME_CONTINENT',			'REQUIRES_SAME_HOME_CONTINENT'					),
		('FRIENDLY_TO_SHIGURE_SAME_CONTINENT',			'REQUIRES_SENT_DELEGATION_OR_AEMBASSY_SHIGURE'	),
		('FRIENDLY_TO_SHIGURE_SAME_CONTINENT',			'REQUIRES_NOT_DENOUNCED_SHIGURE'				),
		('FRIENDLY_TO_SHIGURE_DIFF_CONTINENT',			'REQUIRES_MAJOR_CIV_OPPONENT'					),
		('FRIENDLY_TO_SHIGURE_DIFF_CONTINENT',			'REQUIRES_MET_10_TURNS_AGO'						),
		('FRIENDLY_TO_SHIGURE_DIFF_CONTINENT',			'REQUIRES_PLAYER_DECLARED_FRIEND'				),
		('UNFRIENDLY_TO_SHIGURE_SAME_CONTINENT',		'REQUIRES_MAJOR_CIV_OPPONENT'					),
		('UNFRIENDLY_TO_SHIGURE_SAME_CONTINENT',		'REQUIRES_MET_10_TURNS_AGO'						),
		('UNFRIENDLY_TO_SHIGURE_SAME_CONTINENT',		'REQUIRES_PLAYER_DENOUNCED'						),
		('UNFRIENDLY_TO_SHIGURE_DIFF_CONTINENT',		'REQUIRES_MAJOR_CIV_OPPONENT'					),
		('UNFRIENDLY_TO_SHIGURE_DIFF_CONTINENT',		'REQUIRES_MET_10_TURNS_AGO'						),
		('UNFRIENDLY_TO_SHIGURE_DIFF_CONTINENT',		'REQUIRES_ON_NEW_CONTINENT'						),
		('UNFRIENDLY_TO_SHIGURE_DIFF_CONTINENT',		'REQUIRES_NO_DELEGATION_SHIRURE'				),
		('UNFRIENDLY_TO_SHIGURE_DIFF_CONTINENT',		'REQUIRES_NO_AEMBASSY_SHIRURE'					),
		('SENT_DELEGATION_OR_AEMBASSY_SHIGURE',			'REQUIRES_PLAYER_DELEGATION'					),
		('SENT_DELEGATION_OR_AEMBASSY_SHIGURE',			'REQUIRES_PLAYER_RESIDENT_EMBASSY'				);

INSERT INTO Requirements (RequirementId, RequirementType, Inverse)
VALUES	('REQUIRES_FRIENDLY_TO_SHIGURE_SAME_CONTINENT',		'REQUIREMENT_REQUIREMENTSET_IS_MET',	0),
		('REQUIRES_FRIENDLY_TO_SHIGURE_DIFF_CONTINENT',		'REQUIREMENT_REQUIREMENTSET_IS_MET',	0),
		('REQUIRES_UNFRIENDLY_TO_SHIGURE_SAME_CONTINENT',	'REQUIREMENT_REQUIREMENTSET_IS_MET',	0),
		('REQUIRES_UNFRIENDLY_TO_SHIGURE_DIFF_CONTINENT',	'REQUIREMENT_REQUIREMENTSET_IS_MET',	0),
		('REQUIRES_SENT_DELEGATION_OR_AEMBASSY_SHIGURE',	'REQUIREMENT_REQUIREMENTSET_IS_MET',	0),
		('REQUIRES_NOT_DENOUNCED_SHIGURE',					'REQUIREMENT_DENOUNCED',				1),
		('REQUIRES_NO_DELEGATION_SHIRURE',					'REQUIREMENT_DELEGATION',				1),
		('REQUIRES_NO_AEMBASSY_SHIRURE',					'REQUIREMENT_RESIDENT_EMBASSY',			1);

INSERT INTO RequirementArguments (RequirementId, Name, Value)
VALUES	('REQUIREMENT_SAKURA_EMPIRE_UNIT_IS_COMBAT_1',		'Tag',				'CLASS_RECON'							),
		('REQUIREMENT_SAKURA_EMPIRE_UNIT_IS_COMBAT_2',		'Tag',				'CLASS_MELEE'							),
		('REQUIREMENT_SAKURA_EMPIRE_UNIT_IS_COMBAT_3',		'Tag',				'CLASS_RANGED'							),
		('REQUIREMENT_SAKURA_EMPIRE_UNIT_IS_COMBAT_4',		'Tag',				'CLASS_SIEGE'							),
		('REQUIREMENT_SAKURA_EMPIRE_UNIT_IS_COMBAT_5',		'Tag',				'CLASS_HEAVY_CAVALRY'					),
		('REQUIREMENT_SAKURA_EMPIRE_UNIT_IS_COMBAT_6',		'Tag',				'CLASS_LIGHT_CAVALRY'					),
		('REQUIREMENT_SAKURA_EMPIRE_UNIT_IS_COMBAT_7',		'Tag',				'CLASS_ANTI_CAVALRY'					),
		('REQUIREMENT_SAKURA_EMPIRE_UNIT_IS_COMBAT_9',		'Tag',				'CLASS_NAVAL_MELEE'						),
		('REQUIREMENT_SAKURA_EMPIRE_UNIT_IS_COMBAT_10',		'Tag',				'CLASS_NAVAL_RANGED'					),
		('REQUIREMENT_SAKURA_EMPIRE_UNIT_IS_COMBAT_11',		'Tag',				'CLASS_NAVAL_RAIDER'					),
		('REQUIREMENT_SAKURA_EMPIRE_UNIT_IS_COMBAT_12',		'Tag',				'CLASS_NAVAL_CARRIER'					),
		('REQUIRES_FRIENDLY_TO_SHIGURE_SAME_CONTINENT',		'RequirementSetId',	'FRIENDLY_TO_SHIGURE_SAME_CONTINENT'	),
		('REQUIRES_FRIENDLY_TO_SHIGURE_DIFF_CONTINENT',		'RequirementSetId',	'FRIENDLY_TO_SHIGURE_DIFF_CONTINENT'	),
		('REQUIRES_UNFRIENDLY_TO_SHIGURE_SAME_CONTINENT',	'RequirementSetId',	'UNFRIENDLY_TO_SHIGURE_SAME_CONTINENT'	),
		('REQUIRES_UNFRIENDLY_TO_SHIGURE_DIFF_CONTINENT',	'RequirementSetId',	'UNFRIENDLY_TO_SHIGURE_DIFF_CONTINENT'	),
		('REQUIRES_SENT_DELEGATION_OR_AEMBASSY_SHIGURE',	'RequirementSetId',	'SENT_DELEGATION_OR_AEMBASSY_SHIGURE'	);

INSERT INTO Requirements (RequirementId, RequirementType)
SELECT RequirementId, 'REQUIREMENT_UNIT_TAG_MATCHES'
FROM RequirementArguments
WHERE RequirementId LIKE 'REQUIREMENT_SAKURA_EMPIRE_UNIT_IS_COMBAT_%';

INSERT INTO RequirementSetRequirements (RequirementSetId, RequirementId)
SELECT 'SAKURA_EMPIRE_UNIT_IS_COMBAT_REQUIREMENTS', RequirementId
FROM RequirementArguments
WHERE RequirementId LIKE 'REQUIREMENT_SAKURA_EMPIRE_UNIT_IS_COMBAT_%';

INSERT INTO ModifierStrings (ModifierId, Context, Text)
VALUES	('AGENDA_WAR_PUPPET_HAPPY',			'Sample',	'LOC_TOOLTIP_SAMPLE_DIPLOMACY_ALL'),
		('AGENDA_WAR_PUPPET_UNHAPPY',		'Sample',	'LOC_TOOLTIP_SAMPLE_DIPLOMACY_ALL'),
		('AGENDA_SOLOMON_MAD_DOG_HAPPY',	'Sample',	'LOC_TOOLTIP_SAMPLE_DIPLOMACY_ALL'),
		('AGENDA_SOLOMON_MAD_DOG_UNHAPPY',	'Sample',	'LOC_TOOLTIP_SAMPLE_DIPLOMACY_ALL'),
		('AGENDA_SHIGURE_SAMA_HAPPY',		'Sample',	'LOC_TOOLTIP_SAMPLE_DIPLOMACY_ALL'),
		('AGENDA_SHIGURE_SAMA_UNHAPPY',		'Sample',	'LOC_TOOLTIP_SAMPLE_DIPLOMACY_ALL'),
		('AGENDA_PRIDE_NEKO_HAPPY',			'Sample',	'LOC_TOOLTIP_SAMPLE_DIPLOMACY_ALL'),
		('AGENDA_PRIDE_NEKO_UNHAPPY',		'Sample',	'LOC_TOOLTIP_SAMPLE_DIPLOMACY_ALL');