UPDATE Traits SET Description = Description || '_RnF'
WHERE TraitType = 'TRAIT_CIVILIZATION_SAKURA_EMPIRE';

INSERT INTO TraitModifiers (TraitType, ModifierId)
VALUES	('TRAIT_CIVILIZATION_SAKURA_EMPIRE',	'SAKURA_EMPIRE_SURPRISE_WAR_COMBAT_BUFF'	),
		('TRAIT_CIVILIZATION_SAKURA_EMPIRE',	'SAKURA_EMPIRE_SURPRISE_WAR_COMBAT_DEBUFF'	);

INSERT INTO Building_YieldChanges (BuildingType, YieldType, YieldChange)
VALUES ('BUILDING_KAIGUN_KOSHO', 'YIELD_FOOD', 1);

INSERT INTO AiFavoredItems (ListType, Item, Favored)
VALUES	('SakuraEmpireWonders',	'BUILDING_KOTOKU_IN',				1),
		('SakuraEmpireWonders',	'BUILDING_CASA_DE_CONTRATACION',	1);

--------------------------------------------------------------
INSERT INTO Modifiers (ModifierId, ModifierType)
VALUES	('SAKURA_EMPIRE_SURPRISE_WAR_COMBAT_BUFF',		'MODIFIER_PLAYER_ADD_DIPLOMATIC_COMBAT_MODIFIER'	),
		('SAKURA_EMPIRE_SURPRISE_WAR_COMBAT_DEBUFF',	'MODIFIER_PLAYER_ADD_DIPLOMATIC_COMBAT_MODIFIER'	);

INSERT INTO ModifierArguments (ModifierId, Name, Value)
VALUES	('SAKURA_EMPIRE_SURPRISE_WAR_COMBAT_BUFF',		'DiplomaticYieldSource',	'SURPRISE_WAR_INITIATED'),
		('SAKURA_EMPIRE_SURPRISE_WAR_COMBAT_BUFF',		'TurnsActive',				10						),
		('SAKURA_EMPIRE_SURPRISE_WAR_COMBAT_BUFF',		'Amount',					10						),
		('SAKURA_EMPIRE_SURPRISE_WAR_COMBAT_BUFF',		'ReligiousOnly',			0						),
		('SAKURA_EMPIRE_SURPRISE_WAR_COMBAT_DEBUFF',	'DiplomaticYieldSource',	'SURPRISE_WAR_INITIATED'),
		('SAKURA_EMPIRE_SURPRISE_WAR_COMBAT_DEBUFF',	'TurnsActive',				20						),
		('SAKURA_EMPIRE_SURPRISE_WAR_COMBAT_DEBUFF',	'Amount',					-5						),
		('SAKURA_EMPIRE_SURPRISE_WAR_COMBAT_DEBUFF',	'ReligiousOnly',			0						);